trips,route,traveltime
1,1->2->5->6->3->2->1->4->5->6->3->2->1->4->7->8->5->2->3->6->9,129
2,1->2->5->8->9,28
3,1->2->5->8->9,28
4,1->4->5->2->3->6->5->2->3->6->9,65
5,1->2->5->8->9,28
6,1->4->5->6->3->2->1->4->5->6->3->2->1->4->5->6->3->2->1->4->,125
7,1->4->5->2->3->6->9,35
8,1->4->7->8->5->4->7->8->9,55
9,1->4->5->6->3->2->1->4->5->8->9,70
10,1->2->5->6->3->2->1->4->7->8->9,69
11,1->4->5->8->9,27
12,1->4->5->8->9,27
13,1->4->5->8->9,27
14,1->4->5->8->9,27
15,1->4->7->8->9,27
16,1->4->5->8->9,27
17,1->2->5->8->9,28
18,1->4->5->8->9,27
19,1->4->5->8->9,27
20,1->4->5->8->9,27
21,1->2->3->6->5->2->3->6->9,69
22,1->4->5->6->9,29
23,1->2->5->8->9,28
24,1->4->5->8->9,27
25,1->4->5->8->9,27
26,1->4->5->8->9,27
27,1->4->5->8->9,27
28,1->4->5->8->7->4->5->8->9,52
29,1->4->5->8->9,27
30,1->4->5->8->9,27
31,1->4->5->8->7->4->5->8->9,52
32,1->4->5->2->3->6->9,35
33,1->4->5->8->7->4->1->2->5->6->9,69
34,1->4->5->8->9,27
35,1->4->7->8->9,27
36,1->2->3->6->5->2->3->6->9,69
37,1->4->5->8->9,27
38,1->4->5->8->7->4->1->2->5->4->7->8->9,86
39,1->4->5->2->3->6->9,35
40,1->4->7->8->9,27
41,1->4->5->2->3->6->9,35
42,1->4->5->8->9,27
43,1->4->5->8->9,27
44,1->4->5->8->9,27
45,1->4->7->8->9,27
46,1->2->5->6->3->2->1->4->5->8->9,73
47,1->4->7->8->9,27
48,1->4->5->8->9,27
49,1->4->5->8->9,27
50,1->4->5->8->9,27
51,1->4->5->8->9,27
52,1->4->5->8->9,27
53,1->4->5->8->9,27
54,1->4->5->8->9,27
55,1->4->5->8->9,27
56,1->2->5->6->9,30
57,1->4->5->8->9,27
58,1->4->5->6->9,29
59,1->4->5->8->9,27
60,1->4->7->8->9,27
61,1->4->5->6->9,29
62,1->4->5->2->1->4->7->8->9,51
63,1->2->5->4->7->8->9,47
64,1->4->5->8->7->4->5->6->9,52
65,1->4->5->8->7->4->5->8->7->4->1->2->5->6->9,94
66,1->4->5->2->3->6->9,35
67,1->4->5->6->9,29
68,1->2->3->6->9,30
69,1->2->5->6->9,30
70,1->4->7->8->9,27
71,1->4->5->2->3->6->9,35
72,1->2->5->6->9,30
73,1->2->5->6->9,30
74,1->2->5->8->9,28
75,1->2->5->8->9,28
76,1->2->5->6->3->2->1->4->5->6->9,66
77,1->2->5->8->7->4->5->6->9,54
78,1->2->5->6->9,30
79,1->2->3->6->9,30
80,1->2->5->6->9,30
81,1->2->5->8->9,28
82,1->2->5->8->9,28
83,1->2->5->6->9,30
84,1->2->5->6->9,30
85,1->2->5->4->1->2->5->4->7->8->9,79
86,1->2->5->6->3->2->1->4->5->6->9,66
87,1->2->5->6->9,30
88,1->2->5->8->9,28
89,1->2->5->6->9,30
90,1->2->5->6->3->2->5->8->9,56
91,1->4->5->8->9,27
92,1->2->5->8->9,28
93,1->2->5->8->9,28
94,1->2->5->4->1->2->5->4->7->8->9,79
95,1->2->5->6->9,30
96,1->2->5->6->9,30
97,1->4->5->8->9,27
98,1->2->5->6->9,30
99,1->2->3->6->9,30
100,1->2->5->6->9,30
101,1->4->5->8->9,27
102,1->2->3->6->9,30
103,1->4->5->8->9,27
104,1->2->5->8->9,28
105,1->2->5->6->9,30
106,1->2->5->6->3->2->5->4->1->2->5->6->9,90
107,1->2->5->6->9,30
108,1->2->5->4->1->2->5->6->9,65
109,1->2->3->6->9,30
110,1->2->5->4->7->8->5->4->1->2->3->6->5->2->3->6->9,118
111,1->2->5->4->7->8->9,47
112,1->2->5->6->9,30
113,1->2->5->6->9,30
114,1->2->5->6->9,30
115,1->2->5->6->3->2->5->8->9,56
116,1->2->5->4->1->2->5->8->9,56
117,1->2->5->6->3->2->5->6->9,56
118,1->2->5->4->7->8->5->6->9,57
119,1->2->5->8->9,28
120,1->2->5->4->1->2->5->8->7->4->5->8->7->4->5->6->9,112
121,1->2->5->6->9,30
122,1->2->3->6->9,30
123,1->2->5->6->9,30
124,1->2->5->6->9,30
125,1->2->5->6->9,30
126,1->2->5->6->9,30
127,1->2->5->8->9,28
128,1->2->5->6->9,30
129,1->4->5->6->9,29
130,1->2->5->8->7->4->5->6->3->2->5->4->1->2->5->6->3->2->1->4->,130
131,1->2->5->6->9,30
132,1->2->5->6->9,30
133,1->2->5->6->3->2->1->4->5->8->9,73
134,1->2->5->6->9,30
135,1->2->5->6->9,30
136,1->2->3->6->9,30
137,1->2->5->6->9,30
138,1->2->5->6->9,30
139,1->2->5->6->9,30
140,1->2->5->6->9,30
141,1->2->5->6->9,30
142,1->2->5->6->9,30
143,1->4->5->8->9,27
144,1->2->5->6->9,30
145,1->2->5->6->9,30
146,1->2->5->6->9,30
147,1->2->5->6->9,30
148,1->4->7->8->9,27
149,1->2->5->4->1->2->5->6->9,65
150,1->2->5->6->9,30
151,1->4->5->8->9,27
152,1->2->5->6->9,30
153,1->2->5->8->9,28
154,1->2->5->8->9,28
155,1->2->5->8->9,28
156,1->2->5->8->9,28
157,1->2->5->6->9,30
158,1->2->5->8->9,28
159,1->2->5->6->9,30
160,1->2->5->4->1->2->5->8->9,56
161,1->2->3->6->5->4->1->2->3->6->9,66
162,1->4->5->8->9,27
163,1->2->5->6->9,30
164,1->2->5->8->7->4->5->6->9,54
165,1->2->5->6->9,30
166,1->4->7->8->9,27
167,1->4->5->6->9,29
168,1->2->3->6->9,30
169,1->4->5->6->9,29
170,1->2->5->4->1->2->5->6->9,65
171,1->2->5->6->9,30
172,1->2->5->6->9,30
173,1->2->5->8->9,28
174,1->2->5->8->7->4->5->8->9,54
175,1->2->5->6->9,30
176,1->4->5->8->9,27
177,1->4->5->8->9,27
178,1->2->5->6->9,30
179,1->2->5->4->7->8->9,47
180,1->2->5->6->9,30
181,1->2->5->8->9,28
182,1->2->5->6->3->2->5->8->9,56
183,1->2->5->8->9,28
184,1->4->5->2->3->6->9,35
185,1->4->5->8->9,27
186,1->2->5->6->9,30
187,1->2->5->6->9,30
188,1->2->5->6->3->2->5->6->9,56
189,1->2->5->6->9,30
190,1->2->5->8->9,28
191,1->2->3->6->9,30
192,1->2->5->8->9,28
193,1->2->5->8->9,28
194,1->4->5->6->9,29
195,1->4->5->6->9,29
196,1->2->5->6->9,30
197,1->2->5->6->9,30
198,1->2->5->4->1->2->5->8->9,56
199,1->4->5->8->9,27
200,1->2->5->6->3->2->5->8->7->4->1->2->5->8->9,106
201,1->2->5->6->3->2->1->4->5->6->9,66
202,1->2->3->6->9,30
203,1->2->5->6->9,30
204,1->2->3->6->9,30
205,1->2->5->8->9,28
206,1->2->5->8->9,28
207,1->2->5->8->9,28
208,1->2->5->8->9,28
209,1->2->5->6->3->2->1->4->5->8->7->4->1->2->5->6->9,116
210,1->4->5->8->9,27
211,1->2->3->6->9,30
212,1->4->5->8->9,27
213,1->2->5->6->3->2->1->4->7->8->9,69
214,1->2->3->6->9,30
215,1->2->3->6->9,30
216,1->2->5->6->3->2->5->8->7->4->5->8->9,86
217,1->2->3->6->9,30
218,1->2->5->8->9,28
219,1->2->5->6->9,30
220,1->2->5->8->9,28
221,1->2->5->4->7->8->9,47
222,1->2->5->8->9,28
223,1->2->5->4->1->2->5->6->9,65
224,1->4->5->6->3->2->5->6->9,55
225,1->2->3->6->9,30
226,1->2->5->6->9,30
227,1->2->5->6->9,30
228,1->2->5->4->1->2->5->6->3->2->5->6->9,90
229,1->2->5->8->9,28
230,1->4->5->8->9,27
231,1->2->5->8->7->4->1->2->5->6->9,64
232,1->2->5->6->3->2->5->8->9,56
233,1->2->5->8->9,28
234,1->2->5->8->9,28
235,1->2->3->6->9,30
236,1->2->5->6->9,30
237,1->2->3->6->9,30
238,1->2->3->6->9,30
239,1->2->5->6->9,30
240,1->2->5->8->9,28
241,1->4->5->2->3->6->9,35
242,1->2->5->8->9,28
243,1->2->3->6->5->4->1->2->5->6->9,69
244,1->2->5->4->7->8->9,47
245,1->2->5->8->9,28
246,1->2->5->8->9,28
247,1->2->5->6->3->2->5->6->9,56
248,1->2->5->6->9,30
249,1->2->5->6->9,30
250,1->2->3->6->9,30
251,1->2->5->4->1->2->3->6->9,69
252,1->2->5->8->9,28
253,1->2->5->4->7->8->9,47
254,1->4->5->6->9,29
255,1->2->3->6->9,30
256,1->4->5->8->9,27
257,1->2->5->6->9,30
258,1->2->5->6->9,30
259,1->2->3->6->9,30
260,1->2->5->8->9,28
261,1->2->5->6->9,30
262,1->2->5->8->9,28
263,1->2->3->6->9,30
264,1->2->5->8->9,28
265,1->2->3->6->9,30
266,1->2->3->6->9,30
267,1->4->5->6->9,29
268,1->2->5->8->9,28
269,1->4->5->6->9,29
270,1->4->5->8->7->4->1->2->5->6->9,69
271,1->4->5->6->9,29
272,1->4->5->6->9,29
273,1->4->5->6->9,29
274,1->2->5->6->3->2->5->6->9,56
275,1->4->5->8->7->4->1->2->5->8->9,68
276,1->4->5->8->7->4->1->2->5->6->9,69
277,1->2->5->6->9,30
278,1->4->5->8->9,27
279,1->4->5->8->9,27
280,1->4->5->8->7->4->5->6->9,52
281,1->4->5->8->9,27
282,1->4->5->8->9,27
283,1->4->5->8->9,27
284,1->4->5->2->3->6->9,35
285,1->4->5->8->9,27
286,1->2->5->4->7->8->9,47
287,1->4->5->8->9,27
288,1->4->5->8->9,27
289,1->2->3->6->9,30
290,1->2->5->6->9,30
291,1->4->5->8->9,27
292,1->2->5->6->9,30
293,1->2->5->6->9,30
294,1->2->5->8->9,28
295,1->2->5->4->1->2->3->6->9,69
296,1->2->5->6->9,30
297,1->4->5->2->3->6->9,35
298,1->2->5->6->9,30
299,1->2->5->6->9,30
300,1->2->5->6->3->2->5->6->9,56
301,1->2->5->4->1->2->5->8->9,56
302,1->2->5->8->7->4->1->2->5->6->9,64
303,1->4->5->8->7->4->1->2->5->6->9,69
304,1->2->5->4->1->2->5->8->9,56
305,1->2->5->8->9,28
306,1->2->5->8->9,28
307,1->2->5->8->9,28
308,1->2->5->6->9,30
309,1->2->5->4->1->2->5->6->9,65
310,1->2->5->8->9,28
311,1->2->5->6->9,30
312,1->2->5->8->9,28
313,1->4->5->8->9,27
314,1->2->5->6->3->2->5->8->7->4->5->8->9,86
315,1->2->5->8->9,28
316,1->2->5->6->3->2->5->6->9,56
317,1->2->5->6->3->2->1->4->5->8->9,73
318,1->2->5->6->9,30
319,1->2->5->6->9,30
320,1->4->7->8->9,27
321,1->2->5->6->9,30
322,1->2->3->6->5->2->1->4->5->8->9,70
323,1->4->5->6->9,29
324,1->2->5->6->9,30
325,1->4->5->6->9,29
326,1->4->5->8->9,27
327,1->4->5->8->9,27
328,1->4->5->6->3->2->1->4->5->8->9,70
329,1->2->5->6->9,30
330,1->4->7->8->9,27
331,1->2->5->8->9,28
332,1->4->7->8->9,27
333,1->2->5->8->9,28
334,1->4->5->8->9,27
335,1->4->5->6->9,29
336,1->4->5->6->9,29
337,1->4->5->6->9,29
338,1->4->5->6->9,29
339,1->4->5->8->9,27
340,1->4->7->8->9,27
341,1->4->7->8->9,27
342,1->4->5->6->9,29
343,1->4->5->2->1->4->5->6->9,52
344,1->4->5->6->9,29
345,1->4->5->6->3->2->1->4->5->8->9,70
346,1->4->5->8->9,27
347,1->4->5->6->9,29
348,1->2->5->6->9,30
349,1->4->5->8->9,27
350,1->4->5->6->9,29
351,1->4->5->8->9,27
352,1->4->5->6->9,29
353,1->4->5->8->9,27
354,1->2->5->6->3->2->1->4->5->8->9,73
355,1->4->5->6->9,29
356,1->4->5->2->3->6->9,35
357,1->4->5->6->9,29
358,1->4->5->6->9,29
359,1->2->3->6->9,30
360,1->4->5->6->9,29
361,1->4->5->2->1->4->5->6->3->2->1->4->5->8->9,105
362,1->4->7->8->5->6->9,39
363,1->4->5->8->9,27
364,1->4->5->6->9,29
365,1->4->7->8->5->6->9,39
366,1->4->5->2->3->6->9,35
367,1->4->5->8->9,27
368,1->2->5->8->9,28
369,1->2->5->8->9,28
370,1->2->5->8->7->4->5->6->9,54
371,1->2->5->8->9,28
372,1->2->5->8->9,28
373,1->2->3->6->9,30
374,1->2->5->8->9,28
375,1->4->5->6->9,29
376,1->4->5->8->9,27
377,1->4->5->8->9,27
378,1->2->5->6->9,30
379,1->4->5->6->3->2->1->4->5->6->9,75
380,1->4->5->6->9,29
381,1->4->5->2->3->6->9,35
382,1->4->5->6->9,29
383,1->4->5->8->9,27
384,1->4->5->2->3->6->9,35
385,1->2->5->6->9,30
386,1->4->5->8->9,27
387,1->4->5->8->9,27
388,1->2->5->4->7->8->9,47
389,1->4->5->8->9,27
390,1->4->5->6->9,29
391,1->2->3->6->9,30
392,1->2->5->8->7->4->5->8->9,54
393,1->2->5->8->9,28
394,1->4->5->8->7->4->5->6->9,52
395,1->2->5->4->7->8->5->4->7->8->9,75
396,1->2->5->8->7->4->5->8->7->4->5->8->9,83
397,1->2->5->6->9,30
398,1->2->3->6->9,30
399,1->4->5->6->9,29
400,1->2->3->6->9,30
401,1->2->5->8->7->4->5->8->9,54
402,1->2->5->8->9,28
403,1->2->3->6->9,30
404,1->2->5->8->9,28
405,1->4->7->8->9,27
406,1->2->5->6->9,30
407,1->2->5->6->9,30
408,1->4->5->6->3->2->1->4->5->8->7->4->5->6->9,98
409,1->2->5->6->9,30
410,1->2->5->6->9,30
411,1->2->5->6->9,30
412,1->2->5->8->9,28
413,1->2->5->8->9,28
414,1->2->5->8->9,28
415,1->2->5->6->9,30
416,1->2->5->8->9,28
417,1->2->5->4->1->2->5->8->9,56
418,1->2->3->6->5->8->9,48
419,1->2->5->8->9,28
420,1->4->5->6->9,29
421,1->4->5->8->9,27
422,1->2->5->8->9,28
423,1->4->5->8->9,27
424,1->4->5->2->3->6->9,35
425,1->4->5->2->1->4->5->8->9,52
426,1->4->5->8->9,27
427,1->4->5->8->9,27
428,1->4->7->8->5->4->7->8->9,55
429,1->4->5->8->9,27
430,1->4->7->8->5->4->7->8->9,55
431,1->4->7->8->5->6->9,39
432,1->4->7->8->9,27
433,1->4->5->2->3->6->9,35
434,1->4->5->8->9,27
435,1->4->5->8->9,27
436,1->4->5->8->9,27
437,1->4->5->6->3->2->5->8->9,55
438,1->4->5->8->9,27
439,1->4->5->6->9,29
440,1->4->7->8->9,27
441,1->4->5->8->9,27
442,1->4->5->8->9,27
443,1->4->7->8->9,27
444,1->4->5->8->9,27
445,1->4->5->2->3->6->9,35
446,1->4->5->2->3->6->9,35
447,1->4->5->6->9,29
448,1->4->5->6->9,29
449,1->4->5->8->9,27
450,1->2->3->6->9,30
451,1->4->7->8->9,27
452,1->4->7->8->9,27
453,1->4->5->8->9,27
454,1->4->5->6->9,29
455,1->4->5->6->9,29
456,1->2->5->8->9,28
457,1->2->5->6->9,30
458,1->2->5->6->3->2->1->4->5->8->9,73
459,1->2->5->6->9,30
460,1->2->3->6->9,30
461,1->2->3->6->9,30
462,1->2->5->6->9,30
463,1->2->5->6->9,30
464,1->2->3->6->9,30
465,1->2->3->6->9,30
466,1->2->5->6->9,30
467,1->2->5->6->9,30
468,1->2->5->4->1->2->5->6->9,65
469,1->2->5->6->9,30
470,1->2->5->6->9,30
471,1->2->5->6->9,30
472,1->2->5->6->9,30
473,1->2->5->6->3->2->1->4->5->8->7->4->1->2->5->4->1->2->5->6->3->,125
474,1->2->5->6->9,30
475,1->2->5->4->1->2->5->6->9,65
476,1->2->5->6->9,30
477,1->2->5->8->9,28
478,1->2->3->6->9,30
479,1->2->3->6->9,30
480,1->2->5->8->9,28
481,1->2->5->4->1->2->3->6->5->8->9,75
482,1->2->3->6->9,30
483,1->2->5->8->9,28
484,1->2->5->8->9,28
485,1->2->5->6->9,30
486,1->2->5->8->9,28
487,1->2->5->8->9,28
488,1->4->5->8->7->4->1->2->5->6->9,69
489,1->2->5->6->3->2->5->6->9,56
490,1->2->5->4->7->8->9,47
491,1->2->3->6->5->2->3->6->9,69
492,1->4->5->8->7->4->1->2->5->6->9,69
493,1->2->3->6->9,30
494,1->2->5->8->7->4->1->2->5->6->9,64
495,1->2->5->8->9,28
496,1->2->5->8->9,28
497,1->2->5->8->9,28
498,1->4->5->6->9,29
499,1->4->5->6->3->2->5->6->9,55
500,1->2->3->6->9,30
501,1->2->5->6->9,30
502,1->2->5->6->9,30
503,1->2->5->4->7->8->9,47
504,1->2->5->8->7->4->1->2->5->6->9,64
505,1->4->7->8->9,27
506,1->2->5->6->9,30
507,1->2->5->4->1->2->5->6->9,65
508,1->2->5->6->9,30
509,1->4->5->6->9,29
510,1->2->5->6->9,30
511,1->2->5->6->9,30
512,1->4->5->8->7->4->1->2->3->6->9,66
513,1->2->5->6->9,30
514,1->4->5->2->3->6->9,35
515,1->2->5->6->9,30
516,1->4->5->6->9,29
517,1->4->5->8->9,27
518,1->2->5->6->9,30
519,1->2->5->6->9,30
520,1->4->7->8->9,27
521,1->2->5->8->9,28
522,1->4->5->8->9,27
523,1->2->5->8->9,28
524,1->2->5->6->9,30
525,1->4->5->8->9,27
526,1->4->5->8->9,27
527,1->4->5->8->9,27
528,1->4->5->8->9,27
529,1->4->5->8->9,27
530,1->4->5->8->9,27
531,1->4->5->8->9,27
532,1->4->5->8->9,27
533,1->4->7->8->5->6->9,39
534,1->2->3->6->9,30
535,1->4->5->6->3->2->5->4->1->2->5->8->9,87
536,1->4->5->6->9,29
537,1->4->5->8->7->4->5->6->9,52
538,1->4->7->8->5->6->9,39
539,1->4->7->8->9,27
540,1->4->5->8->7->4->5->2->3->6->9,64
541,1->4->5->8->9,27
542,1->4->7->8->5->2->3->6->5->2->3->6->9,76
543,1->4->5->6->9,29
544,1->4->7->8->9,27
545,1->4->5->8->9,27
546,1->4->5->8->9,27
547,1->4->7->8->9,27
548,1->2->3->6->9,30
549,1->4->5->6->9,29
550,1->4->5->6->9,29
551,1->4->5->2->3->6->9,35
552,1->4->5->8->9,27
553,1->2->5->4->1->2->5->6->3->2->5->6->3->2->1->4->5->8->9,132
554,1->2->5->4->7->8->9,47
555,1->2->3->6->9,30
556,1->2->3->6->9,30
557,1->2->5->4->1->2->5->8->9,56
558,1->2->5->6->9,30
559,1->4->5->2->3->6->9,35
560,1->2->5->6->9,30
561,1->2->5->8->9,28
562,1->2->5->8->9,28
563,1->2->5->8->9,28
564,1->2->5->4->1->2->5->6->9,65
565,1->4->5->8->7->4->5->8->9,52
566,1->2->5->6->9,30
567,1->2->5->6->9,30
568,1->2->5->6->9,30
569,1->2->3->6->9,30
570,1->2->5->6->9,30
571,1->2->5->6->9,30
572,1->2->5->6->9,30
573,1->2->5->6->3->2->1->4->7->8->9,69
574,1->2->3->6->5->8->9,48
575,1->2->5->6->9,30
576,1->2->5->6->9,30
577,1->2->5->6->9,30
578,1->2->5->4->7->8->9,47
579,1->2->3->6->9,30
580,1->2->5->6->9,30
581,1->2->5->6->9,30
582,1->2->3->6->9,30
583,1->2->5->6->3->2->5->8->9,56
584,1->2->5->8->9,28
585,1->2->5->6->9,30
586,1->2->3->6->5->2->1->4->5->8->9,70
587,1->2->5->6->9,30
588,1->2->5->8->9,28
589,1->2->5->6->9,30
590,1->2->3->6->9,30
591,1->2->3->6->5->4->1->2->5->6->9,69
592,1->4->5->8->7->4->5->8->9,52
593,1->4->7->8->9,27
594,1->2->3->6->9,30
595,1->2->3->6->9,30
596,1->4->5->8->9,27
597,1->4->5->8->9,27
598,1->2->5->8->9,28
599,1->2->5->8->9,28
600,1->2->5->8->9,28
601,1->2->5->8->9,28
602,1->2->5->8->9,28
603,1->2->3->6->5->4->7->8->9,55
604,1->2->3->6->9,30
605,1->2->5->4->1->2->5->6->9,65
606,1->2->3->6->9,30
607,1->2->5->6->9,30
608,1->2->5->8->9,28
609,1->2->5->4->7->8->9,47
610,1->2->5->6->9,30
611,1->2->5->8->9,28
612,1->2->5->8->9,28
613,1->2->5->6->9,30
614,1->4->7->8->9,27
615,1->2->5->8->9,28
616,1->2->5->4->7->8->5->2->3->6->9,67
617,1->2->5->6->9,30
618,1->2->5->8->7->4->5->2->3->6->9,66
619,1->2->5->6->9,30
620,1->2->3->6->9,30
621,1->2->3->6->9,30
622,1->4->5->8->9,27
623,1->2->5->4->7->8->9,47
624,1->2->3->6->9,30
625,1->2->5->6->3->2->1->4->5->8->9,73
626,1->2->5->6->9,30
627,1->2->5->8->9,28
628,1->2->3->6->9,30
629,1->2->5->6->9,30
630,1->2->5->4->7->8->9,47
631,1->2->5->6->9,30
632,1->2->5->6->3->2->5->8->9,56
633,1->2->5->8->7->4->5->8->9,54
634,1->4->5->8->9,27
635,1->2->5->6->9,30
636,1->2->5->6->9,30
637,1->2->3->6->9,30
638,1->2->5->6->9,30
639,1->2->5->6->9,30
640,1->2->5->6->9,30
641,1->2->5->6->9,30
642,1->2->5->6->9,30
643,1->4->7->8->9,27
644,1->2->5->8->9,28
645,1->2->5->8->7->4->5->8->9,54
646,1->2->5->4->7->8->9,47
647,1->2->5->6->3->2->1->4->5->8->9,73
648,1->2->5->6->9,30
649,1->2->5->6->9,30
650,1->2->5->8->9,28
651,1->2->5->6->9,30
652,1->4->5->8->9,27
653,1->2->5->6->9,30
654,1->4->5->8->9,27
655,1->2->5->6->9,30
656,1->2->5->6->9,30
657,1->2->5->6->9,30
658,1->4->5->8->7->4->5->6->3->2->1->4->5->6->9,100
659,1->2->5->6->3->2->1->4->5->6->3->2->1->4->5->6->9,114
660,1->4->5->8->9,27
661,1->2->3->6->9,30
662,1->4->5->8->9,27
663,1->2->5->6->9,30
664,1->4->7->8->9,27
665,1->4->5->8->7->4->1->2->5->6->9,69
666,1->4->5->8->9,27
667,1->4->7->8->9,27
668,1->4->5->8->9,27
669,1->4->5->8->7->4->1->2->3->6->9,66
670,1->4->5->6->3->2->1->4->5->8->9,70
671,1->4->5->8->9,27
672,1->4->7->8->9,27
673,1->2->5->8->9,28
674,1->2->5->4->7->8->9,47
675,1->2->5->8->9,28
676,1->2->5->6->9,30
677,1->2->3->6->9,30
678,1->2->5->8->9,28
679,1->2->5->8->9,28
680,1->2->5->8->9,28
681,1->4->5->8->9,27
682,1->2->5->6->9,30
683,1->2->5->6->9,30
684,1->2->3->6->9,30
685,1->2->5->6->9,30
686,1->4->5->2->3->6->9,35
687,1->2->5->6->9,30
688,1->2->5->6->3->2->1->4->5->8->9,73
689,1->4->5->8->7->4->1->2->3->6->5->2->3->6->5->2->3->6->9,115
690,1->2->5->8->9,28
691,1->2->5->6->9,30
692,1->2->5->8->9,28
693,1->2->3->6->9,30
694,1->4->5->6->9,29
695,1->2->5->8->9,28
696,1->2->5->6->9,30
697,1->2->5->6->9,30
698,1->2->5->6->9,30
699,1->2->5->6->3->2->1->4->7->8->9,69
700,1->2->5->6->9,30
701,1->2->5->6->9,30
702,1->4->5->8->9,27
703,1->2->5->6->9,30
704,1->2->3->6->9,30
705,1->2->5->6->3->2->5->6->3->2->5->6->9,91
706,1->2->5->4->7->8->9,47
707,1->2->5->6->9,30
708,1->2->3->6->9,30
709,1->2->5->6->9,30
710,1->2->3->6->9,30
711,1->2->5->6->9,30
712,1->2->5->6->9,30
713,1->2->5->6->9,30
714,1->2->5->6->3->2->5->6->9,56
715,1->2->5->6->9,30
716,1->2->5->6->9,30
717,1->2->3->6->9,30
718,1->4->5->8->7->4->1->2->5->8->9,68
719,1->4->5->8->9,27
720,1->2->5->8->9,28
721,1->2->3->6->5->2->3->6->9,69
722,1->2->3->6->5->2->3->6->9,69
723,1->2->5->6->9,30
724,1->2->5->8->9,28
725,1->2->3->6->5->2->3->6->9,69
726,1->2->5->8->9,28
727,1->2->5->6->9,30
728,1->2->5->4->1->2->5->6->9,65
729,1->2->3->6->5->2->3->6->9,69
730,1->2->5->8->9,28
731,1->2->5->8->9,28
732,1->2->5->6->9,30
733,1->2->5->6->9,30
734,1->2->5->6->9,30
735,1->2->3->6->9,30
736,1->2->3->6->9,30
737,1->2->5->6->3->2->5->8->9,56
738,1->2->5->6->9,30
739,1->2->5->4->1->2->5->8->9,56
740,1->4->5->2->1->4->5->8->9,52
741,1->2->3->6->9,30
742,1->2->5->6->9,30
743,1->2->5->6->9,30
744,1->2->5->8->9,28
745,1->2->5->6->9,30
746,1->2->5->8->9,28
747,1->2->5->6->9,30
748,1->4->5->8->9,27
749,1->2->5->6->9,30
750,1->2->5->6->9,30
751,1->2->5->8->9,28
752,1->4->5->8->9,27
753,1->4->5->8->7->4->5->2->3->6->9,64
754,1->2->5->8->7->4->1->2->5->6->9,64
755,1->4->5->2->3->6->9,35
756,1->4->5->8->9,27
757,1->4->5->8->9,27
758,1->4->5->8->9,27
759,1->4->5->8->7->4->1->2->5->8->9,68
760,1->2->5->8->9,28
761,1->4->5->8->7->4->1->2->5->6->9,69
762,1->4->5->6->9,29
763,1->2->5->6->9,30
764,1->2->5->6->9,30
765,1->4->7->8->5->4->1->2->3->6->5->8->9,85
766,1->2->5->6->9,30
767,1->2->5->6->9,30
768,1->2->5->6->9,30
769,1->2->5->6->9,30
770,1->2->5->6->9,30
771,1->2->5->6->9,30
772,1->4->5->6->9,29
773,1->4->5->6->9,29
774,1->2->3->6->9,30
775,1->2->3->6->9,30
776,1->2->5->6->9,30
777,1->2->5->6->9,30
778,1->2->5->6->3->2->5->4->7->8->9,69
779,1->4->5->6->3->2->5->6->9,55
780,1->4->5->6->9,29
781,1->4->5->6->9,29
782,1->4->5->8->9,27
783,1->4->5->6->3->2->5->4->7->8->9,65
784,1->4->5->6->9,29
785,1->4->5->8->9,27
786,1->4->5->6->9,29
787,1->4->5->8->7->4->1->2->5->6->9,69
788,1->4->5->6->9,29
789,1->4->7->8->5->2->3->6->9,50
790,1->4->5->8->9,27
791,1->4->5->2->3->6->9,35
792,1->4->5->6->9,29
793,1->4->7->8->9,27
794,1->4->5->8->9,27
795,1->4->5->8->9,27
796,1->4->5->8->9,27
797,1->2->5->8->9,28
798,1->4->5->8->9,27
799,1->2->5->6->9,30
800,1->4->5->2->3->6->9,35
801,1->4->5->8->9,27
802,1->4->7->8->9,27
803,1->4->7->8->9,27
804,1->4->5->8->9,27
805,1->4->5->8->7->4->5->2->3->6->9,64
806,1->2->5->4->1->2->5->6->9,65
807,1->4->5->8->9,27
808,1->4->5->8->9,27
809,1->4->5->6->3->2->5->6->9,55
810,1->4->5->8->9,27
811,1->4->5->8->7->4->5->8->7->4->5->2->3->6->9,93
812,1->4->5->2->3->6->9,35
813,1->4->5->8->9,27
814,1->4->5->6->3->2->5->6->9,55
815,1->4->5->8->7->4->5->8->7->4->5->8->9,74
816,1->4->5->8->7->4->5->8->7->4->5->8->9,74
817,1->4->5->8->9,27
818,1->2->5->4->1->2->5->4->7->8->9,79
819,1->4->5->8->9,27
820,1->4->5->6->9,29
821,1->4->5->8->9,27
822,1->4->5->6->9,29
823,1->4->5->6->9,29
824,1->4->5->8->9,27
825,1->4->5->2->3->6->5->2->3->6->9,65
826,1->4->7->8->9,27
827,1->4->5->8->9,27
828,1->2->5->4->1->2->5->6->9,65
829,1->4->5->6->9,29
830,1->4->7->8->5->2->3->6->9,50
831,1->4->5->6->9,29
832,1->4->5->8->9,27
833,1->4->5->8->9,27
834,1->4->5->8->9,27
835,1->4->7->8->9,27
836,1->4->7->8->9,27
837,1->4->7->8->9,27
838,1->4->5->8->9,27
839,1->2->5->4->1->2->5->8->9,56
840,1->4->7->8->9,27
841,1->4->5->8->9,27
842,1->2->5->6->9,30
843,1->4->5->8->9,27
844,1->4->5->8->7->4->5->8->9,52
845,1->4->5->2->3->6->9,35
846,1->4->5->6->9,29
847,1->4->5->6->9,29
848,1->2->5->6->9,30
849,1->4->7->8->9,27
850,1->2->5->6->9,30
851,1->4->5->6->9,29
852,1->4->5->8->9,27
853,1->4->7->8->9,27
854,1->4->5->2->3->6->9,35
855,1->4->7->8->9,27
856,1->4->7->8->9,27
857,1->4->5->2->1->4->5->8->9,52
858,1->4->5->6->9,29
859,1->4->5->6->9,29
860,1->4->7->8->9,27
861,1->4->5->6->9,29
862,1->4->5->8->9,27
863,1->4->5->8->9,27
864,1->4->5->6->9,29
865,1->4->5->8->9,27
866,1->4->7->8->9,27
867,1->4->5->6->9,29
868,1->2->5->6->9,30
869,1->2->5->6->3->2->5->6->9,56
870,1->4->5->8->9,27
871,1->4->7->8->9,27
872,1->4->5->8->9,27
873,1->4->5->8->9,27
874,1->4->5->2->3->6->9,35
875,1->4->5->8->9,27
876,1->4->5->8->9,27
877,1->4->5->6->9,29
878,1->4->5->8->9,27
879,1->4->5->8->7->4->5->6->9,52
880,1->4->5->6->3->2->5->6->9,55
881,1->4->5->8->9,27
882,1->4->5->8->9,27
883,1->4->5->6->9,29
884,1->4->5->6->9,29
885,1->4->5->8->9,27
886,1->4->5->8->9,27
887,1->4->5->8->9,27
888,1->4->5->8->9,27
889,1->4->7->8->9,27
890,1->4->5->8->9,27
891,1->4->5->8->9,27
892,1->4->5->6->9,29
893,1->4->5->6->3->2->5->6->3->2->5->4->7->8->5->2->3->6->9,124
894,1->2->5->6->9,30
895,1->2->5->6->9,30
896,1->4->5->8->9,27
897,1->2->3->6->9,30
898,1->4->5->8->9,27
899,1->4->5->2->3->6->9,35
900,1->4->7->8->9,27
901,1->4->7->8->9,27
902,1->4->5->8->7->4->5->8->7->4->5->2->3->6->5->2->3->6->5->2->3->6->,126
903,1->4->5->8->9,27
904,1->4->7->8->9,27
905,1->4->5->6->3->2->5->6->9,55
906,1->4->5->6->9,29
907,1->4->5->8->9,27
908,1->4->5->6->3->2->5->6->9,55
909,1->4->5->2->3->6->5->2->3->6->5->4->1->2->5->4->7->8->9,121
910,1->4->5->6->9,29
911,1->4->5->2->1->4->5->2->3->6->5->4->1->2->5->8->9,107
912,1->4->7->8->9,27
913,1->4->5->6->9,29
914,1->2->5->6->9,30
915,1->2->5->6->9,30
916,1->4->5->2->3->6->9,35
917,1->4->5->8->9,27
918,1->2->3->6->9,30
919,1->4->5->8->7->4->5->8->9,52
920,1->4->5->6->9,29
921,1->2->5->6->9,30
922,1->4->5->2->3->6->9,35
923,1->2->5->8->9,28
924,1->2->5->6->9,30
925,1->2->5->6->9,30
926,1->4->5->6->9,29
927,1->2->5->6->9,30
928,1->4->5->6->9,29
929,1->2->3->6->9,30
930,1->2->5->8->9,28
931,1->2->5->8->7->4->1->2->5->6->9,64
932,1->2->5->6->9,30
933,1->2->5->4->7->8->9,47
934,1->4->7->8->9,27
935,1->2->5->8->9,28
936,1->2->5->6->3->2->5->6->9,56
937,1->2->5->8->9,28
938,1->2->5->8->9,28
939,1->2->5->6->9,30
940,1->2->5->8->9,28
941,1->2->5->6->3->2->5->6->9,56
942,1->2->5->6->9,30
943,1->2->5->8->7->4->5->8->9,54
944,1->4->5->2->3->6->9,35
945,1->2->5->8->9,28
946,1->2->5->4->7->8->9,47
947,1->2->5->8->9,28
948,1->2->5->6->3->2->5->6->3->2->5->6->9,91
949,1->2->5->8->9,28
950,1->2->5->6->9,30
951,1->2->5->4->7->8->9,47
952,1->2->5->4->7->8->9,47
953,1->2->5->6->9,30
954,1->2->5->6->9,30
955,1->2->5->6->9,30
956,1->2->5->6->9,30
957,1->2->3->6->5->2->3->6->9,69
958,1->2->5->6->3->2->5->6->9,56
959,1->4->5->8->9,27
960,1->2->5->8->7->4->1->2->3->6->9,67
961,1->2->5->6->9,30
962,1->4->5->8->9,27
963,1->2->5->6->9,30
964,1->4->5->2->3->6->9,35
965,1->4->5->8->9,27
966,1->4->5->6->9,29
967,1->4->5->8->9,27
968,1->4->5->2->3->6->9,35
969,1->4->5->6->9,29
970,1->4->5->6->9,29
971,1->4->5->8->9,27
972,1->4->5->2->3->6->9,35
973,1->4->5->8->7->4->5->8->9,52
974,1->4->5->8->9,27
975,1->4->5->2->1->4->5->8->9,52
976,1->4->7->8->9,27
977,1->4->7->8->9,27
978,1->4->5->6->9,29
979,1->4->5->6->9,29
980,1->4->7->8->5->2->3->6->9,50
981,1->4->5->2->1->4->7->8->9,51
982,1->4->5->6->9,29
983,1->4->5->8->9,27
984,1->4->5->8->9,27
985,1->4->5->8->7->4->1->2->5->6->9,69
986,1->4->5->6->9,29
987,1->4->5->8->9,27
988,1->4->5->8->7->4->1->2->5->6->9,69
989,1->4->5->8->9,27
990,1->4->5->2->3->6->9,35
991,1->4->5->8->7->4->1->2->5->6->3->2->5->6->9,94
992,1->4->5->8->9,27
993,1->4->5->6->9,29
994,1->4->7->8->9,27
995,1->4->5->8->9,27
996,1->4->5->6->9,29
997,1->4->5->6->9,29
998,1->4->5->6->9,29
999,1->2->5->6->9,30
1000,1->4->5->6->9,29
1001,1->4->5->8->9,27
1002,1->2->5->6->9,30
1003,1->4->7->8->9,27
1004,1->4->5->8->7->4->1->2->5->6->9,69
1005,1->4->5->8->9,27
1006,1->2->3->6->9,30
1007,1->4->5->2->3->6->9,35
1008,1->4->7->8->9,27
1009,1->4->5->8->7->4->1->2->5->6->9,69
1010,1->4->5->6->9,29
1011,1->4->5->6->9,29
1012,1->4->5->6->9,29
1013,1->4->5->8->9,27
1014,1->4->5->8->9,27
1015,1->2->5->6->9,30
1016,1->4->5->8->9,27
1017,1->2->5->6->9,30
1018,1->2->5->6->9,30
1019,1->2->5->4->1->2->5->6->9,65
1020,1->2->5->8->9,28
1021,1->2->5->8->7->4->5->8->7->4->1->2->5->8->9,86
1022,1->2->5->8->7->4->1->2->5->8->9,69
1023,1->2->5->6->9,30
1024,1->2->5->6->9,30
1025,1->2->5->6->9,30
1026,1->2->5->4->7->8->9,47
1027,1->2->5->8->9,28
1028,1->2->3->6->9,30
1029,1->2->5->4->1->2->5->8->7->4->1->2->5->6->9,108
1030,1->2->5->6->9,30
1031,1->4->5->8->9,27
1032,1->2->5->6->9,30
1033,1->2->5->6->9,30
1034,1->2->5->6->9,30
1035,1->2->5->8->9,28
1036,1->2->5->6->3->2->5->8->9,56
1037,1->2->3->6->5->8->9,48
1038,1->2->5->4->1->2->5->8->9,56
1039,1->4->5->8->9,27
1040,1->4->5->2->3->6->9,35
1041,1->4->5->8->9,27
1042,1->2->5->8->9,28
1043,1->4->5->8->9,27
1044,1->4->5->8->9,27
1045,1->4->5->8->9,27
1046,1->4->5->8->9,27
1047,1->4->5->8->9,27
1048,1->4->5->8->9,27
1049,1->4->5->8->9,27
1050,1->4->5->2->3->6->5->2->3->6->9,65
1051,1->4->5->6->9,29
1052,1->4->5->8->9,27
1053,1->4->5->8->7->4->5->8->9,52
1054,1->4->5->8->9,27
1055,1->2->5->4->1->2->5->8->9,56
1056,1->4->7->8->9,27
1057,1->4->5->2->1->4->7->8->9,51
1058,1->4->5->6->3->2->5->6->9,55
1059,1->4->5->8->7->4->5->8->9,52
1060,1->2->5->6->9,30
1061,1->4->5->8->9,27
1062,1->4->7->8->9,27
1063,1->4->5->8->7->4->5->6->9,52
1064,1->4->5->8->9,27
1065,1->4->5->6->9,29
1066,1->4->5->8->9,27
1067,1->4->7->8->5->6->3->2->1->4->5->8->9,84
1068,1->4->5->8->9,27
1069,1->4->5->6->3->2->1->4->5->6->9,75
1070,1->4->5->6->9,29
1071,1->4->5->2->3->6->9,35
1072,1->4->5->8->9,27
1073,1->2->5->6->9,30
1074,1->2->5->6->3->2->1->4->5->8->9,73
1075,1->4->5->6->9,29
1076,1->2->5->6->9,30
1077,1->4->7->8->9,27
1078,1->4->5->6->9,29
1079,1->2->5->4->7->8->9,47
1080,1->2->5->6->9,30
1081,1->4->5->8->9,27
1082,1->2->5->4->7->8->9,47
1083,1->4->7->8->9,27
1084,1->2->5->4->7->8->9,47
1085,1->4->5->8->9,27
1086,1->4->5->6->3->2->1->4->7->8->9,76
1087,1->4->5->8->9,27
1088,1->4->5->2->3->6->9,35
1089,1->4->5->6->3->2->5->6->9,55
1090,1->2->5->6->9,30
1091,1->4->5->8->9,27
1092,1->4->5->8->9,27
1093,1->4->5->6->9,29
1094,1->4->5->6->9,29
1095,1->4->5->8->7->4->5->8->9,52
1096,1->4->5->2->3->6->9,35
1097,1->4->5->8->9,27
1098,1->4->5->8->9,27
1099,1->4->5->6->9,29
1100,1->4->5->8->7->4->5->8->9,52
1101,1->2->5->6->9,30
1102,1->4->5->6->9,29
1103,1->4->5->6->9,29
1104,1->4->5->8->9,27
1105,1->4->5->8->9,27
1106,1->4->5->6->9,29
1107,1->4->5->6->9,29
1108,1->4->5->8->9,27
1109,1->4->5->8->7->4->5->8->9,52
1110,1->4->5->8->9,27
1111,1->4->5->8->9,27
1112,1->4->5->6->9,29
1113,1->4->5->8->9,27
1114,1->4->5->6->3->2->1->4->5->6->9,75
1115,1->4->5->8->9,27
1116,1->4->5->8->9,27
1117,1->4->5->8->9,27
1118,1->4->7->8->9,27
1119,1->4->5->8->9,27
1120,1->4->7->8->9,27
1121,1->2->5->6->9,30
1122,1->2->5->6->9,30
1123,1->4->5->8->9,27
1124,1->2->3->6->9,30
1125,1->2->5->4->1->2->5->6->9,65
1126,1->2->5->6->9,30
1127,1->2->3->6->9,30
1128,1->2->5->8->9,28
1129,1->2->5->8->9,28
1130,1->2->5->6->9,30
1131,1->2->5->4->7->8->9,47
1132,1->2->5->6->9,30
1133,1->2->5->6->3->2->1->4->5->8->9,73
1134,1->2->5->6->9,30
1135,1->2->5->6->9,30
1136,1->2->5->6->9,30
1137,1->2->5->4->1->2->5->6->9,65
1138,1->2->5->6->9,30
1139,1->2->5->4->7->8->9,47
1140,1->2->3->6->9,30
1141,1->2->5->6->9,30
1142,1->2->5->6->9,30
1143,1->4->5->8->9,27
1144,1->2->3->6->5->4->1->2->5->4->1->2->5->8->9,105
1145,1->2->5->8->9,28
1146,1->2->5->6->3->2->1->4->7->8->9,69
1147,1->2->5->4->7->8->5->6->9,57
1148,1->2->5->4->7->8->9,47
1149,1->2->5->4->7->8->9,47
1150,1->2->5->6->9,30
1151,1->2->3->6->9,30
1152,1->4->5->8->9,27
1153,1->2->5->6->9,30
1154,1->2->3->6->9,30
1155,1->2->5->6->9,30
1156,1->2->5->6->9,30
1157,1->4->5->8->9,27
1158,1->4->7->8->9,27
1159,1->4->5->6->9,29
1160,1->4->5->8->7->4->5->8->9,52
1161,1->4->5->6->9,29
1162,1->2->5->6->3->2->1->4->5->6->9,66
1163,1->4->5->8->9,27
1164,1->2->5->4->1->2->5->6->3->2->5->6->9,90
1165,1->4->5->8->9,27
1166,1->4->5->2->3->6->5->4->1->2->5->6->3->2->1->4->7->8->9,127
1167,1->4->5->8->9,27
1168,1->4->5->6->9,29
1169,1->4->5->2->3->6->9,35
1170,1->2->5->8->9,28
1171,1->4->7->8->5->2->3->6->9,50
1172,1->2->5->6->9,30
1173,1->4->5->8->9,27
1174,1->4->5->6->9,29
1175,1->4->7->8->9,27
1176,1->2->5->6->9,30
1177,1->4->5->6->9,29
1178,1->4->5->8->9,27
1179,1->4->7->8->9,27
1180,1->4->5->8->9,27
1181,1->2->5->6->9,30
1182,1->4->5->8->9,27
1183,1->4->5->8->9,27
1184,1->4->7->8->9,27
1185,1->4->5->2->3->6->9,35
1186,1->2->5->8->9,28
1187,1->4->5->8->9,27
1188,1->2->5->6->9,30
1189,1->4->5->8->9,27
1190,1->4->5->8->9,27
1191,1->4->5->8->9,27
1192,1->4->5->8->9,27
1193,1->4->5->6->3->2->5->4->7->8->9,65
1194,1->4->7->8->9,27
1195,1->4->5->8->9,27
1196,1->4->5->8->7->4->5->8->9,52
1197,1->4->7->8->9,27
1198,1->4->5->8->9,27
1199,1->4->5->8->9,27
1200,1->4->5->8->9,27
1201,1->4->5->8->9,27
1202,1->2->5->6->9,30
1203,1->4->5->8->9,27
1204,1->4->5->8->9,27
1205,1->2->5->6->9,30
1206,1->4->5->8->9,27
1207,1->4->5->6->3->2->5->6->3->2->5->6->9,90
1208,1->4->5->6->3->2->5->6->9,55
1209,1->4->5->6->9,29
1210,1->4->5->8->9,27
1211,1->2->3->6->9,30
1212,1->4->7->8->9,27
1213,1->4->5->6->3->2->1->4->5->8->9,70
1214,1->4->5->8->9,27
1215,1->4->5->8->7->4->5->8->9,52
1216,1->4->5->8->9,27
1217,1->4->5->8->9,27
1218,1->4->5->6->3->2->1->4->7->8->9,76
1219,1->4->7->8->9,27
1220,1->4->5->6->9,29
1221,1->4->7->8->9,27
1222,1->4->5->6->9,29
1223,1->4->5->8->9,27
1224,1->4->5->8->9,27
1225,1->4->5->8->9,27
1226,1->4->5->8->9,27
1227,1->4->5->6->9,29
1228,1->4->7->8->9,27
1229,1->4->5->6->9,29
1230,1->2->5->4->7->8->9,47
1231,1->4->5->6->9,29
1232,1->2->5->6->9,30
1233,1->2->3->6->9,30
1234,1->4->5->8->9,27
1235,1->2->5->6->9,30
1236,1->4->5->6->3->2->1->4->5->2->3->6->9,93
1237,1->2->5->6->9,30
1238,1->2->5->6->3->2->1->4->7->8->9,69
1239,1->2->5->6->9,30
1240,1->2->3->6->5->4->7->8->9,55
1241,1->2->5->8->9,28
1242,1->2->5->6->9,30
1243,1->2->5->8->9,28
1244,1->2->5->6->9,30
1245,1->2->5->6->9,30
1246,1->2->3->6->5->4->7->8->5->2->1->4->5->8->7->4->5->8->7->,128
1247,1->2->5->6->9,30
1248,1->2->5->4->1->2->5->6->3->2->1->4->5->8->9,99
1249,1->4->5->6->9,29
1250,1->4->5->6->9,29
1251,1->4->7->8->9,27
1252,1->4->5->6->9,29
1253,1->2->5->6->9,30
1254,1->4->5->6->3->2->1->4->5->2->3->6->9,93
1255,1->4->5->8->9,27
1256,1->4->5->6->3->2->1->4->5->8->9,70
1257,1->4->5->8->9,27
1258,1->4->7->8->9,27
1259,1->4->7->8->5->2->3->6->9,50
1260,1->4->5->8->9,27
1261,1->4->5->8->7->4->5->8->9,52
1262,1->4->7->8->9,27
1263,1->4->5->8->9,27
1264,1->4->5->8->7->4->5->8->9,52
1265,1->4->7->8->9,27
1266,1->2->5->6->9,30
1267,1->4->5->8->9,27
1268,1->4->5->8->9,27
1269,1->2->5->8->7->4->5->8->7->4->5->8->9,83
1270,1->4->7->8->9,27
1271,1->4->5->2->3->6->9,35
1272,1->4->5->8->9,27
1273,1->4->7->8->9,27
1274,1->4->5->8->9,27
1275,1->2->5->6->9,30
1276,1->4->5->6->9,29
1277,1->4->5->8->9,27
1278,1->4->5->6->9,29
1279,1->2->5->6->3->2->1->4->7->8->9,69
1280,1->4->5->6->9,29
1281,1->2->5->6->9,30
1282,1->4->5->8->9,27
1283,1->4->5->8->7->4->5->6->9,52
1284,1->4->5->6->9,29
1285,1->4->5->8->9,27
1286,1->4->5->6->9,29
1287,1->2->5->6->9,30
1288,1->4->5->6->9,29
1289,1->4->5->6->3->2->5->6->9,55
1290,1->4->7->8->9,27
1291,1->4->5->8->7->4->1->2->5->4->7->8->9,86
1292,1->4->5->8->9,27
1293,1->4->5->8->9,27
1294,1->4->7->8->9,27
1295,1->4->5->6->9,29
1296,1->4->5->8->9,27
1297,1->4->5->6->9,29
1298,1->4->5->2->3->6->9,35
1299,1->4->5->8->9,27
1300,1->4->5->8->9,27
1301,1->2->3->6->9,30
1302,1->4->5->8->9,27
1303,1->4->5->8->9,27
1304,1->2->5->6->9,30
1305,1->4->5->8->7->4->1->2->5->6->9,69
1306,1->4->5->8->9,27
1307,1->4->5->6->9,29
1308,1->4->5->6->9,29
1309,1->4->5->8->9,27
1310,1->4->5->8->7->4->1->2->5->6->9,69
1311,1->4->5->6->9,29
1312,1->2->5->4->1->2->5->6->9,65
1313,1->4->5->6->9,29
1314,1->2->5->6->9,30
1315,1->4->5->8->9,27
1316,1->4->5->8->9,27
1317,1->2->5->6->9,30
1318,1->4->5->8->9,27
1319,1->4->5->6->9,29
1320,1->4->5->8->9,27
1321,1->4->5->2->1->4->5->6->9,52
1322,1->4->7->8->9,27
1323,1->2->5->6->9,30
1324,1->4->5->6->9,29
1325,1->4->5->8->9,27
1326,1->4->5->6->9,29
1327,1->2->3->6->5->2->3->6->9,69
1328,1->4->5->6->9,29
1329,1->2->5->6->9,30
1330,1->2->5->8->9,28
1331,1->2->5->6->9,30
1332,1->2->5->6->9,30
1333,1->4->5->8->9,27
1334,1->2->5->4->7->8->9,47
1335,1->2->5->6->9,30
1336,1->2->5->6->9,30
1337,1->2->5->4->1->2->5->4->7->8->9,79
1338,1->2->5->4->1->2->5->6->9,65
1339,1->2->3->6->9,30
1340,1->2->5->6->9,30
1341,1->2->5->6->9,30
1342,1->2->5->4->7->8->9,47
1343,1->2->5->6->9,30
1344,1->4->5->8->9,27
1345,1->2->3->6->9,30
1346,1->2->5->6->9,30
1347,1->4->5->8->9,27
1348,1->4->5->8->9,27
1349,1->2->5->6->9,30
1350,1->4->5->8->9,27
1351,1->4->5->8->9,27
1352,1->4->5->8->9,27
1353,1->4->5->8->7->4->1->2->5->6->9,69
1354,1->2->5->6->3->2->5->6->9,56
1355,1->2->5->6->9,30
1356,1->4->5->8->9,27
1357,1->4->5->8->9,27
1358,1->4->5->8->7->4->5->8->9,52
1359,1->4->5->2->3->6->9,35
1360,1->4->5->8->9,27
1361,1->4->5->8->9,27
1362,1->4->5->6->9,29
1363,1->2->5->8->9,28
1364,1->2->5->8->9,28
1365,1->2->5->4->1->2->5->6->3->2->5->6->9,90
1366,1->4->5->8->9,27
1367,1->4->5->8->9,27
1368,1->4->5->6->9,29
1369,1->4->5->2->3->6->9,35
1370,1->4->5->8->7->4->1->2->5->8->9,68
1371,1->4->5->6->9,29
1372,1->4->5->6->9,29
1373,1->4->5->2->3->6->5->2->3->6->5->4->1->2->5->6->9,115
1374,1->4->5->2->3->6->9,35
1375,1->4->5->2->3->6->5->2->3->6->9,65
1376,1->4->5->8->9,27
1377,1->4->5->6->9,29
1378,1->4->5->6->9,29
1379,1->4->7->8->5->2->1->4->5->8->7->4->5->2->3->6->9,116
1380,1->4->5->6->9,29
1381,1->4->5->2->3->6->9,35
1382,1->2->5->6->9,30
1383,1->4->5->6->3->2->5->8->9,55
1384,1->4->5->2->3->6->5->2->3->6->5->2->3->6->9,94
1385,1->4->5->2->1->4->5->2->3->6->5->8->9,83
1386,1->4->5->8->9,27
1387,1->2->5->8->9,28
1388,1->2->5->4->1->2->5->8->9,56
1389,1->4->5->8->9,27
1390,1->4->5->2->3->6->9,35
1391,1->4->5->8->9,27
1392,1->4->5->8->9,27
1393,1->4->5->8->9,27
1394,1->4->5->8->9,27
1395,1->4->5->6->9,29
1396,1->4->5->2->3->6->5->2->3->6->9,65
1397,1->4->5->6->9,29
1398,1->4->5->6->9,29
1399,1->2->5->8->9,28
1400,1->4->5->8->9,27
1401,1->4->5->6->3->2->1->4->5->8->9,70
1402,1->4->5->6->9,29
1403,1->4->5->6->9,29
1404,1->4->5->8->7->4->1->2->5->6->9,69
1405,1->4->5->6->9,29
1406,1->4->5->8->7->4->1->2->3->6->9,66
1407,1->4->7->8->9,27
1408,1->4->5->8->7->4->5->6->9,52
1409,1->4->5->8->9,27
1410,1->4->5->6->9,29
1411,1->4->5->6->9,29
1412,1->4->5->2->3->6->9,35
1413,1->4->5->6->9,29
1414,1->4->7->8->9,27
1415,1->4->5->8->9,27
1416,1->4->5->6->9,29
1417,1->2->5->8->9,28
1418,1->2->5->4->1->2->5->8->9,56
1419,1->2->5->6->9,30
1420,1->2->5->4->7->8->9,47
1421,1->2->5->8->9,28
1422,1->2->5->8->9,28
1423,1->2->5->8->7->4->5->6->9,54
1424,1->2->5->6->9,30
1425,1->2->3->6->9,30
1426,1->2->5->4->1->2->5->8->7->4->5->8->7->4->5->8->9,110
1427,1->4->5->2->3->6->9,35
1428,1->4->5->8->9,27
1429,1->4->5->8->9,27
1430,1->4->5->8->7->4->5->8->9,52
1431,1->4->5->8->9,27
1432,1->4->5->8->7->4->5->8->9,52
1433,1->4->5->8->9,27
1434,1->4->5->8->9,27
1435,1->4->5->8->9,27
1436,1->2->5->6->9,30
1437,1->4->5->8->7->4->5->8->9,52
1438,1->4->5->8->9,27
1439,1->4->5->8->9,27
1440,1->2->5->6->9,30
1441,1->2->5->6->9,30
1442,1->4->7->8->9,27
1443,1->4->5->8->9,27
1444,1->4->5->8->9,27
1445,1->4->5->8->9,27
1446,1->4->5->8->9,27
1447,1->4->7->8->9,27
1448,1->4->5->8->9,27
1449,1->4->5->6->9,29
1450,1->4->5->6->9,29
1451,1->4->5->8->9,27
1452,1->4->5->8->9,27
1453,1->4->5->8->9,27
1454,1->4->7->8->9,27
1455,1->4->5->8->9,27
1456,1->4->5->6->9,29
1457,1->4->5->6->9,29
1458,1->4->5->6->9,29
1459,1->2->5->8->9,28
1460,1->4->5->8->9,27
1461,1->4->5->8->7->4->5->8->7->4->5->8->9,74
1462,1->4->7->8->9,27
1463,1->2->5->4->7->8->5->6->9,57
1464,1->4->5->8->9,27
1465,1->4->7->8->9,27
1466,1->4->5->8->9,27
1467,1->4->5->2->1->4->5->8->7->4->5->8->7->4->5->6->9,101
1468,1->4->7->8->9,27
1469,1->2->5->6->9,30
1470,1->4->5->8->9,27
1471,1->4->5->8->9,27
1472,1->4->5->8->9,27
1473,1->4->5->8->9,27
1474,1->4->5->8->9,27
1475,1->4->7->8->9,27
1476,1->4->5->8->9,27
1477,1->2->5->6->3->2->5->8->7->4->5->8->9,86
1478,1->4->5->8->9,27
1479,1->4->5->8->9,27
1480,1->4->5->8->9,27
1481,1->4->5->8->9,27
1482,1->4->5->6->3->2->1->4->5->6->9,75
1483,1->4->5->6->9,29
1484,1->2->3->6->5->2->3->6->9,69
1485,1->2->5->6->9,30
1486,1->2->5->6->9,30
1487,1->2->3->6->5->4->7->8->9,55
1488,1->2->5->4->1->2->5->8->9,56
1489,1->2->5->6->9,30
1490,1->2->5->6->3->2->1->4->5->8->9,73
1491,1->2->5->6->9,30
1492,1->2->5->6->9,30
1493,1->2->5->6->9,30
1494,1->2->5->6->9,30
1495,1->2->3->6->9,30
1496,1->2->5->6->9,30
1497,1->2->5->4->7->8->5->2->3->6->9,67
1498,1->2->5->6->9,30
1499,1->2->5->6->9,30
1500,1->4->5->8->7->4->5->8->9,52
1501,1->2->5->4->1->2->5->4->1->2->5->6->9,94
1502,1->4->5->8->9,27
1503,1->2->5->6->9,30
1504,1->2->5->6->3->2->5->8->9,56
1505,1->2->5->8->9,28
1506,1->2->5->4->7->8->9,47
1507,1->4->7->8->9,27
1508,1->2->5->6->9,30
1509,1->2->5->6->9,30
1510,1->2->3->6->9,30
1511,1->2->3->6->9,30
1512,1->2->5->8->9,28
1513,1->2->3->6->9,30
1514,1->2->5->8->9,28
1515,1->4->5->6->9,29
1516,1->2->5->8->9,28
1517,1->2->5->4->7->8->5->2->3->6->9,67
1518,1->2->3->6->9,30
1519,1->2->5->8->9,28
1520,1->2->5->4->7->8->9,47
1521,1->2->5->4->7->8->9,47
1522,1->2->3->6->9,30
1523,1->2->5->6->9,30
1524,1->2->3->6->9,30
1525,1->2->5->8->9,28
1526,1->4->5->8->9,27
1527,1->4->7->8->9,27
1528,1->4->5->8->9,27
1529,1->4->5->6->9,29
1530,1->4->5->8->9,27
1531,1->2->5->6->9,30
1532,1->4->7->8->9,27
1533,1->4->5->8->9,27
1534,1->4->5->8->9,27
1535,1->4->5->6->3->2->1->4->5->6->9,75
1536,1->4->7->8->9,27
1537,1->4->5->6->9,29
1538,1->4->5->8->9,27
1539,1->4->5->8->9,27
1540,1->2->5->6->3->2->5->6->9,56
1541,1->2->5->6->9,30
1542,1->4->7->8->9,27
1543,1->4->7->8->5->6->9,39
1544,1->4->5->8->9,27
1545,1->4->5->8->9,27
1546,1->4->7->8->5->4->1->2->5->4->1->2->5->6->9,108
1547,1->4->5->8->9,27
1548,1->4->5->8->9,27
1549,1->4->5->8->9,27
1550,1->4->5->8->9,27
1551,1->4->5->8->9,27
1552,1->4->5->8->9,27
1553,1->4->5->8->9,27
1554,1->2->3->6->9,30
1555,1->4->5->2->3->6->9,35
1556,1->4->7->8->9,27
1557,1->2->5->6->9,30
1558,1->2->5->6->9,30
1559,1->2->5->6->9,30
1560,1->2->5->6->9,30
1561,1->2->5->6->9,30
1562,1->2->5->6->3->2->5->6->9,56
1563,1->2->3->6->9,30
1564,1->2->5->6->9,30
1565,1->2->5->8->9,28
1566,1->2->5->8->9,28
1567,1->2->5->8->9,28
1568,1->4->5->8->9,27
1569,1->2->5->6->9,30
1570,1->2->5->6->9,30
1571,1->2->5->6->3->2->5->8->9,56
1572,1->2->5->8->9,28
1573,1->2->5->4->1->2->5->8->9,56
1574,1->2->5->6->9,30
1575,1->2->5->8->7->4->5->8->9,54
1576,1->2->5->4->7->8->9,47
1577,1->2->5->8->9,28
1578,1->2->5->4->7->8->9,47
1579,1->2->5->8->9,28
1580,1->2->3->6->9,30
1581,1->2->5->6->9,30
1582,1->2->5->8->9,28
1583,1->2->5->6->3->2->5->6->9,56
1584,1->2->3->6->9,30
1585,1->2->5->6->9,30
1586,1->4->5->2->3->6->9,35
1587,1->2->5->6->9,30
1588,1->4->5->8->7->4->5->8->9,52
1589,1->4->5->6->9,29
1590,1->4->5->8->7->4->5->8->9,52
1591,1->2->5->6->9,30
1592,1->4->5->6->3->2->1->4->5->8->9,70
1593,1->4->5->8->9,27
1594,1->4->5->6->3->2->1->4->5->8->9,70
1595,1->4->5->6->9,29
1596,1->4->5->8->9,27
1597,1->4->5->8->9,27
1598,1->4->7->8->9,27
1599,1->4->5->2->3->6->9,35
1600,1->4->5->2->3->6->9,35
1601,1->2->5->4->7->8->9,47
1602,1->2->5->6->9,30
1603,1->4->5->2->3->6->9,35
1604,1->4->5->8->9,27
1605,1->4->5->6->9,29
1606,1->2->5->8->9,28
1607,1->4->5->8->9,27
1608,1->2->5->6->9,30
1609,1->4->7->8->5->2->3->6->9,50
1610,1->4->5->8->9,27
1611,1->4->5->8->9,27
1612,1->4->5->8->9,27
1613,1->4->5->6->9,29
1614,1->4->7->8->5->2->1->4->5->8->9,64
1615,1->2->5->4->1->2->5->4->1->2->5->6->9,94
1616,1->4->5->2->3->6->5->8->9,53
1617,1->2->5->4->7->8->9,47
1618,1->4->5->8->9,27
1619,1->4->5->8->9,27
1620,1->4->5->6->9,29
1621,1->4->5->6->3->2->1->4->5->8->9,70
1622,1->4->5->8->9,27
1623,1->4->5->8->9,27
1624,1->4->5->8->9,27
1625,1->4->5->2->3->6->9,35
1626,1->4->5->8->9,27
1627,1->4->5->6->9,29
1628,1->4->5->8->9,27
1629,1->2->5->6->9,30
1630,1->4->5->8->9,27
1631,1->4->5->8->9,27
1632,1->4->7->8->9,27
1633,1->4->5->8->9,27
1634,1->4->5->2->3->6->9,35
1635,1->4->5->8->9,27
1636,1->4->5->8->9,27
1637,1->4->5->8->9,27
1638,1->4->5->8->9,27
1639,1->2->5->4->1->2->5->6->9,65
1640,1->4->5->8->9,27
1641,1->4->5->6->9,29
1642,1->4->7->8->9,27
1643,1->4->5->6->9,29
1644,1->4->5->6->9,29
1645,1->4->5->6->9,29
1646,1->4->5->8->9,27
1647,1->4->5->8->7->4->5->8->9,52
1648,1->4->5->8->9,27
1649,1->4->5->8->9,27
1650,1->4->5->8->7->4->5->6->9,52
1651,1->2->5->6->9,30
1652,1->4->5->8->9,27
1653,1->4->5->8->9,27
1654,1->4->5->8->9,27
1655,1->2->5->6->9,30
1656,1->4->5->8->9,27
1657,1->4->5->2->1->4->5->8->9,52
1658,1->4->5->8->7->4->1->2->5->6->9,69
1659,1->4->5->6->9,29
1660,1->4->5->8->9,27
1661,1->4->7->8->9,27
1662,1->2->5->8->9,28
1663,1->4->7->8->9,27
1664,1->2->3->6->9,30
1665,1->4->5->6->9,29
1666,1->4->7->8->9,27
1667,1->4->5->2->3->6->9,35
1668,1->4->5->8->9,27
1669,1->2->3->6->9,30
1670,1->2->5->8->9,28
1671,1->2->5->8->7->4->1->2->5->6->9,64
1672,1->2->3->6->9,30
1673,1->2->5->8->9,28
1674,1->4->5->8->9,27
1675,1->2->5->6->9,30
1676,1->4->7->8->9,27
1677,1->4->7->8->9,27
1678,1->4->5->2->3->6->9,35
1679,1->4->5->6->9,29
1680,1->4->5->2->3->6->9,35
1681,1->4->5->8->9,27
1682,1->4->5->6->3->2->1->4->5->2->3->6->9,93
1683,1->2->5->6->9,30
1684,1->4->5->8->9,27
1685,1->4->5->6->3->2->1->4->5->8->9,70
1686,1->4->7->8->9,27
1687,1->4->5->8->9,27
1688,1->4->5->8->7->4->1->2->3->6->9,66
1689,1->4->5->6->9,29
1690,1->4->7->8->5->2->3->6->9,50
1691,1->2->5->4->7->8->9,47
1692,1->4->5->6->9,29
1693,1->2->5->8->9,28
1694,1->4->5->8->9,27
1695,1->4->5->2->3->6->9,35
1696,1->4->5->6->9,29
1697,1->2->5->8->9,28
1698,1->4->5->6->3->2->1->4->5->8->9,70
1699,1->4->5->8->7->4->1->2->5->6->9,69
1700,1->4->5->6->3->2->1->4->5->6->9,75
1701,1->4->5->6->9,29
1702,1->4->5->8->9,27
1703,1->4->5->6->9,29
1704,1->4->5->8->9,27
1705,1->2->5->6->9,30
1706,1->4->5->8->9,27
1707,1->4->5->2->3->6->9,35
1708,1->4->5->8->9,27
1709,1->4->5->8->9,27
1710,1->4->5->8->9,27
1711,1->4->5->2->1->4->7->8->5->4->1->2->5->6->3->2->1->4->5->8->9,132
1712,1->2->5->6->9,30
1713,1->2->5->6->9,30
1714,1->4->5->8->9,27
1715,1->4->5->6->9,29
1716,1->2->5->6->9,30
1717,1->4->5->6->9,29
1718,1->4->5->8->9,27
1719,1->4->5->2->3->6->9,35
1720,1->4->5->8->9,27
1721,1->4->7->8->9,27
1722,1->4->5->6->9,29
1723,1->4->5->2->3->6->9,35
1724,1->4->5->6->9,29
1725,1->2->5->6->9,30
1726,1->4->5->6->9,29
1727,1->4->5->8->9,27
1728,1->4->5->8->9,27
1729,1->4->5->8->9,27
1730,1->4->5->2->1->4->5->8->9,52
1731,1->4->5->8->9,27
1732,1->4->5->8->7->4->1->2->5->4->7->8->9,86
1733,1->4->5->8->9,27
1734,1->4->5->8->9,27
1735,1->2->5->6->9,30
1736,1->4->5->2->3->6->5->8->7->4->1->2->5->6->9,90
1737,1->4->5->2->3->6->9,35
1738,1->4->5->8->9,27
1739,1->4->5->8->9,27
1740,1->4->7->8->9,27
1741,1->4->7->8->9,27
1742,1->4->5->8->9,27
1743,1->4->5->8->9,27
1744,1->2->5->6->3->2->5->6->9,56
1745,1->4->5->8->9,27
1746,1->4->5->8->9,27
1747,1->4->5->8->7->4->5->8->9,52
1748,1->4->5->8->9,27
1749,1->4->5->8->7->4->5->8->9,52
1750,1->4->5->8->9,27
1751,1->4->5->8->9,27
1752,1->4->5->6->9,29
1753,1->4->5->2->3->6->9,35
1754,1->4->5->2->3->6->5->2->1->4->5->8->7->4->5->8->9,106
1755,1->4->5->6->9,29
1756,1->4->7->8->9,27
1757,1->4->7->8->9,27
1758,1->4->7->8->9,27
1759,1->4->7->8->9,27
1760,1->4->7->8->9,27
1761,1->4->5->6->3->2->5->6->9,55
1762,1->4->5->6->9,29
1763,1->4->5->8->9,27
1764,1->4->5->8->9,27
1765,1->2->5->4->1->2->5->4->1->2->5->6->3->2->1->4->5->2->3->,130
1766,1->4->5->6->9,29
1767,1->4->5->6->9,29
1768,1->2->5->4->1->2->5->6->9,65
1769,1->2->3->6->9,30
1770,1->4->5->6->9,29
1771,1->4->5->6->9,29
1772,1->4->7->8->9,27
1773,1->4->5->6->9,29
1774,1->4->5->6->9,29
1775,1->4->5->6->9,29
1776,1->2->5->8->9,28
1777,1->2->5->6->9,30
1778,1->2->5->6->3->2->5->4->7->8->9,69
1779,1->4->5->6->3->2->5->6->9,55
1780,1->2->5->8->9,28
1781,1->2->5->6->9,30
1782,1->4->5->6->3->2->1->4->5->8->9,70
1783,1->4->5->8->9,27
1784,1->2->5->6->9,30
1785,1->2->5->4->1->2->5->6->9,65
1786,1->4->5->8->9,27
1787,1->2->5->8->9,28
1788,1->2->5->8->7->4->5->8->9,54
1789,1->2->5->8->9,28
1790,1->2->5->8->7->4->5->8->9,54
1791,1->2->5->6->3->2->5->8->7->4->5->6->3->2->1->4->5->6->9,126
1792,1->2->3->6->9,30
1793,1->2->5->8->9,28
1794,1->2->5->8->9,28
1795,1->2->5->6->9,30
1796,1->2->5->6->9,30
1797,1->2->5->4->1->2->5->6->9,65
1798,1->2->5->6->9,30
1799,1->2->5->4->7->8->9,47
1800,1->2->5->8->9,28
1801,1->2->5->6->9,30
1802,1->2->5->6->9,30
1803,1->2->5->6->9,30
1804,1->2->3->6->9,30
1805,1->2->5->6->9,30
1806,1->2->5->8->9,28
1807,1->2->5->8->9,28
1808,1->2->3->6->9,30
1809,1->2->5->6->9,30
1810,1->2->5->4->1->2->3->6->9,69
1811,1->2->5->6->9,30
1812,1->2->5->8->9,28
1813,1->2->3->6->9,30
1814,1->2->5->4->7->8->9,47
1815,1->2->5->8->7->4->5->8->9,54
1816,1->2->5->4->7->8->9,47
1817,1->2->5->8->9,28
1818,1->2->5->8->7->4->5->8->9,54
1819,1->2->5->8->9,28
1820,1->4->5->6->9,29
1821,1->2->5->6->9,30
1822,1->2->5->6->3->2->1->4->5->8->9,73
1823,1->2->5->6->3->2->1->4->5->6->9,66
1824,1->2->5->4->1->2->5->6->9,65
1825,1->4->7->8->5->6->9,39
1826,1->2->3->6->9,30
1827,1->2->5->6->3->2->5->8->9,56
1828,1->2->3->6->9,30
1829,1->4->7->8->5->4->1->2->5->8->9,68
1830,1->4->5->2->1->4->5->6->9,52
1831,1->4->7->8->9,27
1832,1->4->5->2->3->6->5->2->1->4->5->6->9,77
1833,1->4->5->2->3->6->9,35
1834,1->4->5->2->3->6->9,35
1835,1->4->5->8->9,27
1836,1->4->5->6->9,29
1837,1->4->5->8->9,27
1838,1->4->7->8->9,27
1839,1->4->5->8->9,27
1840,1->4->5->2->3->6->5->2->3->6->9,65
1841,1->4->5->6->9,29
1842,1->4->5->8->7->4->5->6->9,52
1843,1->2->5->6->9,30
1844,1->4->5->6->9,29
1845,1->2->5->8->9,28
1846,1->4->7->8->9,27
1847,1->4->5->8->9,27
1848,1->4->5->2->3->6->9,35
1849,1->4->5->2->3->6->9,35
1850,1->4->5->6->9,29
1851,1->4->5->2->3->6->9,35
1852,1->4->5->6->9,29
1853,1->2->5->6->9,30
1854,1->4->5->2->3->6->9,35
1855,1->4->7->8->9,27
1856,1->4->5->6->3->2->5->8->9,55
1857,1->4->7->8->9,27
1858,1->4->5->8->9,27
1859,1->4->5->6->9,29
1860,1->4->5->6->9,29
1861,1->4->5->8->9,27
1862,1->4->5->8->9,27
1863,1->4->5->8->7->4->5->6->9,52
1864,1->4->5->8->9,27
1865,1->4->5->8->9,27
1866,1->4->5->8->9,27
1867,1->4->5->8->9,27
1868,1->4->5->6->9,29
1869,1->4->5->2->3->6->5->2->3->6->9,65
1870,1->4->5->2->3->6->9,35
1871,1->4->5->6->9,29
1872,1->4->5->6->9,29
1873,1->4->5->8->9,27
1874,1->4->5->8->9,27
1875,1->2->5->6->9,30
1876,1->4->5->8->9,27
1877,1->4->5->8->9,27
1878,1->4->5->8->9,27
1879,1->4->5->6->9,29
1880,1->4->5->2->3->6->9,35
1881,1->4->5->6->3->2->5->6->9,55
1882,1->4->5->6->9,29
1883,1->4->5->8->9,27
1884,1->4->5->6->9,29
1885,1->4->5->6->9,29
1886,1->4->5->2->3->6->9,35
1887,1->4->5->2->3->6->9,35
1888,1->4->5->8->9,27
1889,1->4->7->8->9,27
1890,1->4->7->8->9,27
1891,1->2->5->4->7->8->9,47
1892,1->4->5->8->9,27
1893,1->4->5->6->9,29
1894,1->4->7->8->9,27
1895,1->4->5->8->9,27
1896,1->2->3->6->9,30
1897,1->4->5->6->9,29
1898,1->4->5->6->9,29
1899,1->4->7->8->9,27
1900,1->4->5->8->9,27
1901,1->4->7->8->9,27
1902,1->4->5->8->7->4->5->8->7->4->5->8->7->4->5->2->3->6->9,118
1903,1->4->5->2->3->6->9,35
1904,1->4->5->2->3->6->9,35
1905,1->4->5->8->9,27
1906,1->4->5->8->9,27
1907,1->4->5->8->9,27
1908,1->2->3->6->9,30
1909,1->4->5->8->9,27
1910,1->4->5->2->3->6->5->2->3->6->9,65
1911,1->4->5->6->9,29
1912,1->4->5->2->3->6->9,35
1913,1->4->5->8->7->4->5->2->3->6->5->8->9,83
1914,1->4->5->2->1->4->5->2->1->4->5->8->9,73
1915,1->4->5->8->9,27
1916,1->4->5->2->3->6->9,35
1917,1->4->7->8->9,27
1918,1->4->7->8->5->4->7->8->9,55
1919,1->4->5->8->9,27
1920,1->4->5->6->9,29
1921,1->4->5->8->9,27
1922,1->4->5->8->9,27
1923,1->4->5->6->9,29
1924,1->4->7->8->9,27
1925,1->4->5->6->3->2->5->8->9,55
1926,1->4->5->2->3->6->9,35
1927,1->2->5->6->9,30
1928,1->4->5->6->3->2->5->6->9,55
1929,1->4->5->6->9,29
1930,1->4->5->6->9,29
1931,1->4->5->8->9,27
1932,1->4->5->6->9,29
1933,1->4->5->8->9,27
1934,1->4->5->8->9,27
1935,1->4->5->8->9,27
1936,1->4->5->8->9,27
1937,1->4->5->2->3->6->9,35
1938,1->4->5->8->9,27
1939,1->4->5->8->7->4->5->2->3->6->9,64
1940,1->4->5->8->9,27
1941,1->4->5->8->9,27
1942,1->4->5->8->9,27
1943,1->4->5->8->9,27
1944,1->4->5->8->9,27
1945,1->4->5->8->7->4->5->8->9,52
1946,1->4->5->8->9,27
1947,1->4->5->2->3->6->9,35
1948,1->2->5->8->9,28
1949,1->4->5->8->9,27
1950,1->4->5->8->9,27
1951,1->4->5->8->7->4->5->2->3->6->9,64
1952,1->4->7->8->9,27
1953,1->4->5->8->9,27
1954,1->4->5->8->9,27
1955,1->4->5->8->7->4->5->8->9,52
1956,1->4->5->8->9,27
1957,1->4->5->8->9,27
1958,1->4->5->8->9,27
1959,1->4->5->8->9,27
1960,1->2->5->4->7->8->9,47
1961,1->4->5->2->1->4->5->8->9,52
1962,1->4->5->8->9,27
1963,1->2->5->6->9,30
1964,1->2->5->6->9,30
1965,1->4->5->8->7->4->5->8->9,52
1966,1->4->5->8->7->4->5->8->9,52
1967,1->2->5->4->1->2->5->6->9,65
1968,1->4->7->8->9,27
1969,1->4->5->8->7->4->5->6->9,52
1970,1->4->5->8->9,27
1971,1->4->5->8->7->4->5->8->9,52
1972,1->4->5->8->9,27
1973,1->4->7->8->9,27
1974,1->4->5->6->9,29
1975,1->2->5->6->9,30
1976,1->4->5->6->9,29
1977,1->4->5->8->9,27
1978,1->4->5->2->3->6->9,35
1979,1->4->7->8->5->4->7->8->9,55
1980,1->4->5->8->9,27
1981,1->4->5->8->9,27
1982,1->4->5->2->3->6->9,35
1983,1->4->5->8->9,27
1984,1->4->5->6->9,29
1985,1->4->5->6->9,29
1986,1->4->5->8->9,27
1987,1->4->7->8->9,27
1988,1->4->5->8->9,27
1989,1->4->7->8->9,27
1990,1->4->5->8->9,27
1991,1->4->5->8->9,27
1992,1->2->5->4->7->8->9,47
1993,1->4->5->8->9,27
1994,1->4->5->6->9,29
1995,1->4->7->8->9,27
1996,1->4->5->8->9,27
1997,1->4->7->8->9,27
1998,1->4->5->6->9,29
1999,1->4->5->8->9,27
2000,1->4->5->6->3->2->5->6->9,55
trips,route,traveltime
1,1->4->7->8->5->4->1->2->5->6->3->2->1->4->7->8->5->6->3->2->5->,127
2,1->4->7->8->5->6->3->2->5->8->9,70
3,1->4->5->2->1->4->5->2->1->4->5->2->1->4->5->2->1->4->5->2->1->,130
4,1->2->5->8->9,28
5,1->4->5->2->1->4->5->2->1->4->5->2->1->4->5->2->3->6->9,117
6,1->2->5->6->3->2->5->8->9,56
7,1->4->5->2->3->6->9,35
8,1->4->5->2->3->6->9,35
9,1->4->5->2->3->6->9,35
10,1->4->5->8->9,27
11,1->2->5->6->9,30
12,1->4->5->6->9,29
13,1->4->5->6->9,29
14,1->4->5->6->9,29
15,1->4->5->2->3->6->9,35
16,1->4->5->6->9,29
17,1->2->5->6->9,30
18,1->4->7->8->5->4->1->2->5->6->9,69
19,1->2->5->8->9,28
20,1->4->5->6->9,29
21,1->4->5->6->9,29
22,1->4->5->8->9,27
23,1->4->5->6->9,29
24,1->4->5->2->3->6->9,35
25,1->4->5->6->3->2->5->6->9,55
26,1->4->5->8->9,27
27,1->4->5->8->9,27
28,1->4->5->6->9,29
29,1->4->5->8->9,27
30,1->4->5->6->9,29
31,1->4->5->8->9,27
32,1->4->5->6->9,29
33,1->2->5->8->9,28
34,1->4->7->8->9,27
35,1->4->5->6->9,29
36,1->4->5->8->9,27
37,1->4->7->8->9,27
38,1->4->5->6->3->2->5->6->9,55
39,1->4->5->8->9,27
40,1->4->5->8->9,27
41,1->4->5->6->9,29
42,1->4->5->8->9,27
43,1->2->5->6->9,30
44,1->4->5->6->9,29
45,1->4->5->6->9,29
46,1->4->5->6->9,29
47,1->4->5->6->9,29
48,1->4->5->8->9,27
49,1->4->5->8->9,27
50,1->4->5->6->9,29
51,1->4->5->6->9,29
52,1->4->5->6->9,29
53,1->4->5->8->9,27
54,1->4->5->6->9,29
55,1->4->5->8->9,27
56,1->4->5->6->9,29
57,1->4->5->6->9,29
58,1->2->5->6->9,30
59,1->4->5->6->3->2->5->6->9,55
60,1->4->7->8->9,27
61,1->4->5->6->9,29
62,1->4->5->6->9,29
63,1->4->7->8->9,27
64,1->4->5->8->9,27
65,1->4->5->6->9,29
66,1->4->5->6->3->2->5->8->9,55
67,1->4->5->6->9,29
68,1->4->5->2->3->6->9,35
69,1->4->5->8->9,27
70,1->4->5->6->9,29
71,1->4->5->8->9,27
72,1->4->5->8->9,27
73,1->2->5->6->9,30
74,1->4->5->8->9,27
75,1->4->5->8->9,27
76,1->4->5->2->3->6->9,35
77,1->4->5->8->9,27
78,1->4->5->6->9,29
79,1->4->5->6->9,29
80,1->4->5->6->9,29
81,1->4->5->6->9,29
82,1->4->7->8->9,27
83,1->4->5->6->9,29
84,1->4->5->6->9,29
85,1->4->7->8->9,27
86,1->4->5->2->3->6->9,35
87,1->4->5->6->9,29
88,1->4->5->8->9,27
89,1->4->5->8->9,27
90,1->4->5->8->9,27
91,1->4->5->6->9,29
92,1->4->5->8->9,27
93,1->4->7->8->9,27
94,1->4->7->8->9,27
95,1->4->5->6->9,29
96,1->4->5->6->9,29
97,1->4->5->6->9,29
98,1->4->5->6->9,29
99,1->4->5->6->9,29
100,1->4->5->2->3->6->9,35
101,1->2->5->6->9,30
102,1->4->5->6->9,29
103,1->4->5->8->9,27
104,1->4->7->8->9,27
105,1->4->5->8->9,27
106,1->4->5->8->9,27
107,1->4->5->8->9,27
108,1->4->5->6->9,29
109,1->4->5->2->3->6->9,35
110,1->4->5->8->9,27
111,1->4->5->8->9,27
112,1->4->5->8->9,27
113,1->4->5->8->9,27
114,1->4->7->8->9,27
115,1->4->5->6->9,29
116,1->4->5->8->9,27
117,1->4->7->8->5->2->3->6->9,50
118,1->4->5->2->3->6->9,35
119,1->4->5->6->9,29
120,1->2->5->8->9,28
121,1->4->5->6->9,29
122,1->4->5->6->9,29
123,1->4->5->6->9,29
124,1->4->5->6->9,29
125,1->4->5->6->9,29
126,1->4->5->8->9,27
127,1->4->7->8->9,27
128,1->4->5->6->9,29
129,1->4->5->8->9,27
130,1->4->5->8->9,27
131,1->4->5->2->3->6->9,35
132,1->4->5->2->3->6->9,35
133,1->4->5->6->9,29
134,1->4->5->8->9,27
135,1->4->5->6->9,29
136,1->4->5->8->7->4->5->6->9,52
137,1->4->5->6->9,29
138,1->2->3->6->9,30
139,1->4->5->8->9,27
140,1->4->5->8->9,27
141,1->4->5->8->9,27
142,1->4->5->8->9,27
143,1->4->5->6->9,29
144,1->4->5->8->9,27
145,1->4->5->6->9,29
146,1->4->5->8->9,27
147,1->4->5->8->9,27
148,1->4->5->6->9,29
149,1->4->7->8->9,27
150,1->4->5->8->7->4->5->6->9,52
151,1->4->5->8->9,27
152,1->4->5->6->9,29
153,1->4->5->6->9,29
154,1->4->5->6->3->2->1->4->5->2->3->6->5->2->3->6->9,114
155,1->4->5->8->7->4->5->8->9,52
156,1->4->5->6->9,29
157,1->4->5->8->9,27
158,1->4->5->6->3->2->1->4->5->6->9,75
159,1->4->5->6->9,29
160,1->4->5->8->9,27
161,1->4->5->2->1->4->5->8->9,52
162,1->4->5->8->9,27
163,1->4->7->8->9,27
164,1->4->5->8->9,27
165,1->4->5->6->9,29
166,1->4->5->8->9,27
167,1->4->5->8->9,27
168,1->4->5->8->7->4->1->2->5->6->9,69
169,1->4->5->8->9,27
170,1->4->5->6->9,29
171,1->4->5->8->9,27
172,1->4->7->8->9,27
173,1->4->5->8->9,27
174,1->4->7->8->9,27
175,1->4->5->6->9,29
176,1->4->5->8->9,27
177,1->4->5->8->9,27
178,1->4->5->8->9,27
179,1->4->5->8->9,27
180,1->4->5->6->9,29
181,1->4->5->8->9,27
182,1->4->5->6->9,29
183,1->4->5->6->9,29
184,1->4->5->2->3->6->9,35
185,1->4->5->6->9,29
186,1->4->5->6->3->2->1->4->5->6->9,75
187,1->4->5->8->7->4->5->8->9,52
188,1->4->7->8->9,27
189,1->4->5->2->3->6->9,35
190,1->4->5->2->3->6->9,35
191,1->4->5->6->9,29
192,1->4->5->8->9,27
193,1->4->5->8->9,27
194,1->4->5->8->9,27
195,1->4->5->6->9,29
196,1->4->5->6->9,29
197,1->4->5->6->9,29
198,1->4->5->8->9,27
199,1->4->5->8->9,27
200,1->4->5->6->9,29
201,1->4->5->6->9,29
202,1->4->5->6->3->2->1->4->5->8->9,70
203,1->4->5->6->9,29
204,1->4->5->8->7->4->5->6->9,52
205,1->4->5->6->9,29
206,1->4->5->8->7->4->5->2->3->6->9,64
207,1->4->5->8->9,27
208,1->4->5->6->9,29
209,1->4->5->6->9,29
210,1->4->5->6->9,29
211,1->4->5->8->9,27
212,1->4->5->8->9,27
213,1->4->5->8->9,27
214,1->4->5->8->9,27
215,1->4->5->8->9,27
216,1->4->5->8->9,27
217,1->4->5->8->9,27
218,1->4->5->8->9,27
219,1->4->5->8->9,27
220,1->4->5->6->9,29
221,1->4->5->6->9,29
222,1->4->5->6->3->2->1->4->5->6->9,75
223,1->4->5->8->9,27
224,1->4->5->6->9,29
225,1->2->5->6->9,30
226,1->4->5->8->9,27
227,1->4->5->6->9,29
228,1->4->5->6->9,29
229,1->4->5->8->9,27
230,1->4->5->8->9,27
231,1->4->5->8->9,27
232,1->4->5->6->9,29
233,1->4->5->8->7->4->5->8->9,52
234,1->4->5->6->9,29
235,1->4->5->6->9,29
236,1->4->5->2->3->6->9,35
237,1->4->5->8->9,27
238,1->4->5->8->9,27
239,1->2->3->6->9,30
240,1->4->5->8->9,27
241,1->4->5->8->9,27
242,1->4->5->2->3->6->9,35
243,1->4->7->8->9,27
244,1->4->7->8->9,27
245,1->4->5->8->9,27
246,1->4->5->2->3->6->9,35
247,1->4->5->8->9,27
248,1->2->5->6->9,30
249,1->2->5->6->9,30
250,1->2->5->6->3->2->1->4->5->8->9,73
251,1->2->5->6->9,30
252,1->2->5->6->9,30
253,1->2->5->6->9,30
254,1->2->5->6->9,30
255,1->2->5->6->9,30
256,1->2->5->6->9,30
257,1->2->5->6->9,30
258,1->2->5->6->3->2->1->4->5->8->9,73
259,1->2->5->6->3->2->5->6->9,56
260,1->2->5->6->9,30
261,1->2->3->6->9,30
262,1->4->5->8->9,27
263,1->2->5->6->3->2->5->6->9,56
264,1->2->5->6->9,30
265,1->2->5->6->9,30
266,1->2->5->6->9,30
267,1->2->5->6->9,30
268,1->2->5->6->9,30
269,1->2->5->6->9,30
270,1->2->5->6->9,30
271,1->2->5->6->3->2->5->6->9,56
272,1->2->5->6->9,30
273,1->2->5->8->9,28
274,1->2->5->6->9,30
275,1->2->5->8->9,28
276,1->4->5->8->7->4->5->2->3->6->9,64
277,1->4->5->8->7->4->5->8->9,52
278,1->2->5->6->9,30
279,1->2->5->8->9,28
280,1->2->3->6->9,30
281,1->2->5->8->9,28
282,1->2->5->4->1->2->5->8->9,56
283,1->2->5->8->9,28
284,1->2->5->6->9,30
285,1->2->5->4->7->8->9,47
286,1->2->5->6->9,30
287,1->2->5->8->9,28
288,1->2->5->6->9,30
289,1->2->5->6->9,30
290,1->2->5->6->9,30
291,1->4->5->8->9,27
292,1->2->5->8->9,28
293,1->2->5->6->9,30
294,1->2->3->6->9,30
295,1->4->5->8->9,27
296,1->2->5->6->9,30
297,1->2->5->8->9,28
298,1->2->5->6->9,30
299,1->2->5->6->9,30
300,1->2->5->8->9,28
301,1->2->5->8->9,28
302,1->4->5->8->9,27
303,1->2->5->8->9,28
304,1->2->5->6->9,30
305,1->2->5->8->9,28
306,1->2->5->8->9,28
307,1->2->5->8->9,28
308,1->2->5->6->9,30
309,1->2->5->8->9,28
310,1->2->5->8->9,28
311,1->2->5->6->9,30
312,1->2->5->6->9,30
313,1->2->5->8->7->4->5->8->9,54
314,1->2->5->6->3->2->5->6->9,56
315,1->2->5->6->9,30
316,1->2->3->6->9,30
317,1->2->5->6->9,30
318,1->2->5->4->1->2->5->6->9,65
319,1->2->3->6->9,30
320,1->2->3->6->9,30
321,1->2->5->6->9,30
322,1->2->5->6->9,30
323,1->2->5->6->9,30
324,1->2->5->8->9,28
325,1->2->5->6->9,30
326,1->2->5->6->9,30
327,1->2->5->6->9,30
328,1->4->5->2->3->6->9,35
329,1->2->5->6->9,30
330,1->2->5->6->9,30
331,1->4->5->8->9,27
332,1->2->5->6->3->2->5->6->9,56
333,1->2->5->6->9,30
334,1->2->5->6->9,30
335,1->2->5->6->9,30
336,1->2->5->6->9,30
337,1->2->5->4->1->2->5->6->9,65
338,1->2->5->6->9,30
339,1->2->5->6->9,30
340,1->2->5->6->3->2->5->6->9,56
341,1->2->5->6->9,30
342,1->2->5->6->9,30
343,1->2->5->6->9,30
344,1->4->5->8->9,27
345,1->2->3->6->9,30
346,1->2->5->6->9,30
347,1->2->5->8->9,28
348,1->2->5->6->9,30
349,1->2->5->6->9,30
350,1->2->5->4->7->8->9,47
351,1->2->3->6->9,30
352,1->2->5->6->9,30
353,1->2->5->6->9,30
354,1->4->7->8->9,27
355,1->2->5->8->7->4->5->8->9,54
356,1->4->7->8->5->6->9,39
357,1->2->5->6->3->2->5->6->9,56
358,1->2->5->6->9,30
359,1->2->3->6->9,30
360,1->2->5->8->9,28
361,1->2->5->8->9,28
362,1->2->3->6->9,30
363,1->2->5->8->9,28
364,1->4->5->8->9,27
365,1->2->5->8->9,28
366,1->2->5->8->9,28
367,1->2->5->6->9,30
368,1->2->5->8->7->4->5->8->9,54
369,1->2->5->6->9,30
370,1->2->5->6->3->2->5->6->3->2->5->6->9,91
371,1->2->5->4->7->8->9,47
372,1->2->5->6->9,30
373,1->2->3->6->9,30
374,1->2->5->6->9,30
375,1->4->5->8->9,27
376,1->2->5->6->9,30
377,1->2->5->6->9,30
378,1->2->3->6->9,30
379,1->2->5->8->9,28
380,1->2->5->6->9,30
381,1->2->5->6->9,30
382,1->2->5->8->9,28
383,1->4->7->8->9,27
384,1->2->5->6->9,30
385,1->2->5->8->9,28
386,1->2->5->6->9,30
387,1->2->5->6->9,30
388,1->2->5->8->9,28
389,1->2->5->8->9,28
390,1->2->5->6->9,30
391,1->2->5->6->9,30
392,1->2->5->6->9,30
393,1->2->5->6->9,30
394,1->2->5->6->9,30
395,1->2->5->4->7->8->9,47
396,1->2->5->6->9,30
397,1->2->5->6->9,30
398,1->2->3->6->9,30
399,1->4->7->8->9,27
400,1->2->5->6->9,30
401,1->2->5->6->9,30
402,1->4->5->8->9,27
403,1->2->5->6->9,30
404,1->2->5->8->9,28
405,1->2->3->6->9,30
406,1->4->5->8->9,27
407,1->2->5->8->9,28
408,1->2->5->6->9,30
409,1->2->5->8->9,28
410,1->2->5->6->9,30
411,1->2->5->6->3->2->5->6->9,56
412,1->2->5->4->7->8->9,47
413,1->4->5->8->9,27
414,1->2->5->6->9,30
415,1->2->5->4->1->2->5->8->9,56
416,1->2->5->6->9,30
417,1->2->3->6->9,30
418,1->2->5->6->9,30
419,1->2->5->6->9,30
420,1->2->5->6->9,30
421,1->2->5->6->9,30
422,1->2->5->6->9,30
423,1->2->5->6->9,30
424,1->2->5->8->9,28
425,1->2->3->6->5->4->1->2->5->8->7->4->1->2->5->4->1->2->5->8->9,128
426,1->2->3->6->9,30
427,1->2->5->6->9,30
428,1->2->5->8->9,28
429,1->2->5->6->9,30
430,1->4->5->8->9,27
431,1->2->5->6->9,30
432,1->2->5->6->9,30
433,1->2->5->6->9,30
434,1->2->5->8->9,28
435,1->2->5->6->9,30
436,1->2->5->6->9,30
437,1->2->5->8->9,28
438,1->2->5->8->7->4->1->2->5->6->9,64
439,1->2->3->6->9,30
440,1->2->5->6->9,30
441,1->2->5->6->9,30
442,1->2->5->6->9,30
443,1->4->5->6->9,29
444,1->2->5->6->9,30
445,1->2->5->6->9,30
446,1->2->5->6->9,30
447,1->2->5->6->9,30
448,1->2->5->4->1->2->5->8->7->4->1->2->5->8->9,105
449,1->2->5->6->9,30
450,1->2->5->8->9,28
451,1->2->5->6->9,30
452,1->2->5->8->9,28
453,1->2->3->6->9,30
454,1->2->5->8->9,28
455,1->4->5->6->9,29
456,1->4->5->8->9,27
457,1->4->5->6->9,29
458,1->4->5->8->9,27
459,1->4->5->8->9,27
460,1->4->5->6->3->2->5->8->9,55
461,1->4->7->8->9,27
462,1->4->5->8->9,27
463,1->4->5->6->3->2->5->4->1->2->5->6->9,90
464,1->4->5->2->3->6->9,35
465,1->4->5->6->9,29
466,1->4->5->6->9,29
467,1->4->5->6->9,29
468,1->4->5->8->7->4->5->8->9,52
469,1->4->5->8->9,27
470,1->4->5->6->9,29
471,1->4->5->8->9,27
472,1->2->5->6->9,30
473,1->4->5->6->9,29
474,1->4->5->6->9,29
475,1->4->5->8->9,27
476,1->4->7->8->9,27
477,1->4->5->6->9,29
478,1->4->5->6->9,29
479,1->4->5->6->9,29
480,1->4->5->6->9,29
481,1->4->5->8->9,27
482,1->2->5->6->9,30
483,1->4->5->8->9,27
484,1->4->5->6->9,29
485,1->2->5->8->9,28
486,1->4->5->8->9,27
487,1->4->7->8->9,27
488,1->4->5->8->9,27
489,1->4->5->8->9,27
490,1->4->5->8->9,27
491,1->4->5->6->9,29
492,1->4->5->8->9,27
493,1->4->5->8->9,27
494,1->4->5->6->9,29
495,1->4->7->8->5->6->9,39
496,1->4->5->8->9,27
497,1->4->5->6->9,29
498,1->4->5->8->9,27
499,1->4->5->8->7->4->1->2->5->6->9,69
500,1->4->5->8->7->4->5->8->9,52
501,1->4->5->8->9,27
502,1->4->5->8->9,27
503,1->4->5->8->9,27
504,1->4->5->6->9,29
505,1->4->5->6->9,29
506,1->4->5->8->9,27
507,1->4->5->6->3->2->5->6->9,55
508,1->4->5->6->3->2->5->6->9,55
509,1->4->5->6->9,29
510,1->4->5->8->9,27
511,1->4->5->8->9,27
512,1->4->5->8->9,27
513,1->4->5->8->9,27
514,1->4->7->8->9,27
515,1->4->5->8->7->4->1->2->5->6->9,69
516,1->2->5->6->3->2->5->6->9,56
517,1->2->5->6->9,30
518,1->4->5->6->9,29
519,1->4->5->8->9,27
520,1->4->7->8->9,27
521,1->4->5->8->9,27
522,1->4->5->8->9,27
523,1->4->5->8->9,27
524,1->4->5->6->9,29
525,1->4->5->6->9,29
526,1->2->5->6->9,30
527,1->4->5->8->9,27
528,1->4->5->2->3->6->9,35
529,1->4->5->6->9,29
530,1->4->7->8->9,27
531,1->4->5->6->9,29
532,1->4->7->8->9,27
533,1->4->7->8->9,27
534,1->4->5->8->9,27
535,1->4->5->6->9,29
536,1->4->5->8->9,27
537,1->4->5->6->9,29
538,1->2->5->6->9,30
539,1->4->5->8->9,27
540,1->4->5->8->9,27
541,1->4->5->2->3->6->9,35
542,1->4->5->8->7->4->1->2->5->6->9,69
543,1->4->5->8->9,27
544,1->4->5->6->9,29
545,1->4->5->8->9,27
546,1->4->5->8->9,27
547,1->4->5->8->9,27
548,1->4->5->8->9,27
549,1->4->7->8->9,27
550,1->4->5->8->9,27
551,1->2->5->4->1->2->5->6->9,65
552,1->4->5->6->9,29
553,1->4->5->8->9,27
554,1->4->5->8->9,27
555,1->4->5->8->9,27
556,1->4->5->8->7->4->1->2->5->6->9,69
557,1->4->5->6->9,29
558,1->4->5->8->9,27
559,1->4->5->8->9,27
560,1->4->5->6->9,29
561,1->4->5->8->9,27
562,1->4->5->6->9,29
563,1->4->5->8->9,27
564,1->4->5->8->9,27
565,1->4->5->8->9,27
566,1->4->5->8->9,27
567,1->4->5->8->9,27
568,1->4->5->8->9,27
569,1->4->5->2->3->6->9,35
570,1->4->5->2->3->6->9,35
571,1->4->5->8->9,27
572,1->4->5->8->9,27
573,1->4->5->8->9,27
574,1->4->5->8->9,27
575,1->4->5->8->9,27
576,1->4->5->6->9,29
577,1->4->5->8->9,27
578,1->2->5->8->9,28
579,1->4->5->2->3->6->9,35
580,1->4->5->8->9,27
581,1->2->5->8->9,28
582,1->4->5->2->3->6->9,35
583,1->4->5->6->9,29
584,1->4->5->8->7->4->1->2->5->6->9,69
585,1->4->5->8->9,27
586,1->4->5->6->9,29
587,1->4->5->8->9,27
588,1->4->5->6->9,29
589,1->4->5->6->9,29
590,1->4->5->6->9,29
591,1->4->5->6->9,29
592,1->4->5->8->9,27
593,1->4->5->2->3->6->9,35
594,1->4->5->8->7->4->1->2->5->6->9,69
595,1->4->5->6->9,29
596,1->4->5->8->9,27
597,1->4->5->2->3->6->9,35
598,1->4->5->6->9,29
599,1->4->5->8->9,27
600,1->4->5->8->9,27
601,1->4->5->8->9,27
602,1->4->5->6->9,29
603,1->2->5->8->7->4->1->2->5->6->9,64
604,1->4->5->6->9,29
605,1->4->5->6->9,29
606,1->4->5->8->9,27
607,1->4->5->8->9,27
608,1->4->5->8->9,27
609,1->4->5->6->9,29
610,1->4->5->8->9,27
611,1->4->5->8->9,27
612,1->4->5->6->9,29
613,1->4->5->8->9,27
614,1->4->5->8->9,27
615,1->4->5->6->9,29
616,1->4->5->2->3->6->9,35
617,1->2->5->8->9,28
618,1->4->5->8->9,27
619,1->4->5->8->7->4->1->2->5->6->9,69
620,1->2->5->6->9,30
621,1->4->5->6->3->2->5->6->9,55
622,1->4->5->6->9,29
623,1->4->5->6->9,29
624,1->2->5->6->9,30
625,1->4->5->8->9,27
626,1->4->5->6->9,29
627,1->4->5->8->9,27
628,1->4->5->8->9,27
629,1->4->7->8->9,27
630,1->4->5->8->9,27
631,1->2->5->6->9,30
632,1->4->5->6->9,29
633,1->4->5->6->9,29
634,1->4->5->8->9,27
635,1->4->5->6->9,29
636,1->4->5->2->3->6->9,35
637,1->2->5->6->9,30
638,1->4->5->8->9,27
639,1->2->5->6->9,30
640,1->4->5->6->9,29
641,1->4->5->6->9,29
642,1->4->5->6->9,29
643,1->4->5->8->9,27
644,1->4->5->8->7->4->1->2->5->6->9,69
645,1->4->5->6->9,29
646,1->4->5->6->9,29
647,1->4->5->2->3->6->9,35
648,1->4->5->2->3->6->9,35
649,1->4->5->8->9,27
650,1->4->5->8->9,27
651,1->4->5->6->9,29
652,1->2->5->6->9,30
653,1->4->5->8->9,27
654,1->4->5->8->9,27
655,1->4->5->6->9,29
656,1->4->5->6->9,29
657,1->4->5->8->9,27
658,1->4->5->6->9,29
659,1->4->5->8->9,27
660,1->4->5->8->9,27
661,1->4->5->6->9,29
662,1->4->5->8->9,27
663,1->4->5->6->9,29
664,1->4->5->8->9,27
665,1->4->5->8->9,27
666,1->4->5->8->9,27
667,1->4->5->8->9,27
668,1->4->5->8->9,27
669,1->4->5->8->9,27
670,1->4->5->8->9,27
671,1->2->5->6->9,30
672,1->4->5->8->9,27
673,1->4->5->2->3->6->5->4->1->2->5->6->3->2->5->6->9,116
674,1->4->5->8->9,27
675,1->4->5->8->9,27
676,1->4->5->8->9,27
677,1->4->5->8->9,27
678,1->2->5->6->9,30
679,1->4->5->8->9,27
680,1->4->5->8->9,27
681,1->4->5->2->3->6->9,35
682,1->4->5->8->9,27
683,1->4->7->8->9,27
684,1->2->5->6->9,30
685,1->4->5->8->9,27
686,1->2->5->8->9,28
687,1->4->5->8->9,27
688,1->4->5->2->3->6->9,35
689,1->4->5->8->9,27
690,1->4->5->8->9,27
691,1->4->5->8->9,27
692,1->4->5->8->9,27
693,1->4->5->8->9,27
694,1->4->5->8->9,27
695,1->2->5->6->9,30
696,1->4->5->8->7->4->1->2->3->6->9,66
697,1->4->5->8->9,27
698,1->4->5->8->9,27
699,1->4->5->8->9,27
700,1->4->5->8->9,27
701,1->4->5->8->9,27
702,1->4->5->8->9,27
703,1->4->5->8->9,27
704,1->4->5->8->9,27
705,1->4->5->8->9,27
706,1->4->5->8->9,27
707,1->4->5->8->9,27
708,1->4->5->8->9,27
709,1->4->5->8->9,27
710,1->2->5->8->9,28
711,1->2->3->6->9,30
712,1->2->5->8->9,28
713,1->2->5->6->9,30
714,1->4->5->8->9,27
715,1->2->5->6->9,30
716,1->2->5->6->9,30
717,1->2->5->6->9,30
718,1->2->5->8->9,28
719,1->2->5->8->9,28
720,1->2->5->8->9,28
721,1->2->5->6->9,30
722,1->2->5->8->9,28
723,1->2->3->6->9,30
724,1->2->5->6->9,30
725,1->2->5->6->9,30
726,1->2->5->6->9,30
727,1->2->5->8->9,28
728,1->2->5->6->9,30
729,1->2->5->6->9,30
730,1->2->5->6->9,30
731,1->2->5->6->9,30
732,1->2->5->6->9,30
733,1->2->5->6->9,30
734,1->2->5->6->9,30
735,1->2->5->6->9,30
736,1->2->5->6->9,30
737,1->2->5->6->9,30
738,1->4->5->8->9,27
739,1->2->3->6->9,30
740,1->2->5->6->9,30
741,1->2->5->6->9,30
742,1->4->5->8->9,27
743,1->2->5->8->9,28
744,1->2->5->6->3->2->5->4->1->2->3->6->9,92
745,1->2->5->6->9,30
746,1->2->5->8->9,28
747,1->2->5->8->9,28
748,1->2->5->8->7->4->1->2->5->6->9,64
749,1->4->5->8->9,27
750,1->4->5->8->9,27
751,1->2->5->8->9,28
752,1->2->5->8->9,28
753,1->4->5->8->9,27
754,1->2->5->8->9,28
755,1->2->5->6->9,30
756,1->2->5->6->9,30
757,1->2->5->6->9,30
758,1->2->5->8->9,28
759,1->2->5->8->7->4->1->2->5->6->9,64
760,1->2->5->6->9,30
761,1->2->5->6->9,30
762,1->2->5->8->9,28
763,1->2->5->4->7->8->9,47
764,1->2->5->6->3->2->5->8->9,56
765,1->2->5->8->9,28
766,1->2->5->8->9,28
767,1->2->5->6->9,30
768,1->2->5->6->9,30
769,1->2->5->4->7->8->9,47
770,1->2->5->6->9,30
771,1->2->5->8->9,28
772,1->2->5->6->9,30
773,1->2->5->6->9,30
774,1->2->5->6->9,30
775,1->2->5->4->7->8->9,47
776,1->2->5->6->9,30
777,1->2->5->6->9,30
778,1->2->5->6->9,30
779,1->2->5->8->9,28
780,1->4->5->8->7->4->1->2->5->6->9,69
781,1->2->5->6->9,30
782,1->4->5->8->9,27
783,1->2->5->6->9,30
784,1->2->5->8->9,28
785,1->4->5->8->9,27
786,1->2->5->8->9,28
787,1->2->5->6->9,30
788,1->2->5->8->9,28
789,1->2->5->6->9,30
790,1->2->5->6->9,30
791,1->2->5->8->9,28
792,1->2->5->8->9,28
793,1->2->5->8->9,28
794,1->2->5->6->9,30
795,1->2->3->6->5->4->7->8->9,55
796,1->2->5->8->9,28
797,1->2->5->8->9,28
798,1->2->5->4->1->2->5->8->9,56
799,1->2->5->6->9,30
800,1->4->7->8->9,27
801,1->2->5->4->7->8->9,47
802,1->2->5->4->7->8->9,47
803,1->2->5->6->9,30
804,1->2->5->8->9,28
805,1->2->5->8->9,28
806,1->2->5->6->9,30
807,1->2->5->8->9,28
808,1->2->5->6->9,30
809,1->2->5->4->7->8->9,47
810,1->2->5->6->9,30
811,1->2->5->6->9,30
812,1->2->5->6->9,30
813,1->2->5->8->9,28
814,1->2->5->6->9,30
815,1->2->5->8->9,28
816,1->2->5->4->7->8->9,47
817,1->2->5->6->9,30
818,1->2->5->8->9,28
819,1->2->5->6->9,30
820,1->4->5->2->3->6->9,35
821,1->2->5->8->9,28
822,1->2->5->8->9,28
823,1->2->5->8->9,28
824,1->2->5->8->9,28
825,1->2->5->8->9,28
826,1->2->5->8->9,28
827,1->2->5->6->9,30
828,1->2->5->6->9,30
829,1->4->5->6->9,29
830,1->2->3->6->9,30
831,1->2->5->6->9,30
832,1->2->5->8->7->4->1->2->5->8->9,69
833,1->2->5->8->9,28
834,1->2->5->8->9,28
835,1->4->5->8->9,27
836,1->2->5->8->9,28
837,1->2->5->4->7->8->9,47
838,1->2->5->6->9,30
839,1->2->5->8->9,28
840,1->2->5->6->9,30
841,1->2->3->6->9,30
842,1->2->3->6->9,30
843,1->2->5->8->9,28
844,1->2->5->6->9,30
845,1->2->5->6->9,30
846,1->2->5->6->9,30
847,1->2->5->6->9,30
848,1->2->5->6->9,30
849,1->2->5->6->9,30
850,1->2->5->8->7->4->1->2->3->6->9,67
851,1->2->5->6->9,30
852,1->2->5->6->9,30
853,1->2->5->8->9,28
854,1->2->5->8->9,28
855,1->4->5->8->9,27
856,1->2->5->8->7->4->1->2->5->6->9,64
857,1->2->5->6->9,30
858,1->2->5->6->9,30
859,1->2->3->6->9,30
860,1->2->5->6->9,30
861,1->2->3->6->9,30
862,1->2->5->4->1->2->5->8->9,56
863,1->2->5->8->9,28
864,1->2->5->8->9,28
865,1->2->5->8->9,28
866,1->2->5->8->9,28
867,1->2->5->6->9,30
868,1->2->5->6->9,30
869,1->2->5->6->9,30
870,1->2->5->6->3->2->1->4->5->2->1->4->5->8->9,99
871,1->2->5->6->9,30
872,1->2->5->6->9,30
873,1->2->5->8->7->4->1->2->5->8->9,69
874,1->4->5->8->9,27
875,1->2->5->6->9,30
876,1->4->5->8->9,27
877,1->2->5->4->7->8->9,47
878,1->2->5->8->9,28
879,1->4->5->8->9,27
880,1->2->5->6->9,30
881,1->2->5->4->7->8->9,47
882,1->2->3->6->9,30
883,1->2->3->6->5->8->9,48
884,1->2->5->8->9,28
885,1->2->5->8->7->4->1->2->5->8->9,69
886,1->2->5->6->9,30
887,1->2->3->6->9,30
888,1->2->5->6->9,30
889,1->2->5->8->9,28
890,1->4->5->8->9,27
891,1->2->5->8->9,28
892,1->2->5->8->9,28
893,1->2->5->8->9,28
894,1->2->5->8->9,28
895,1->2->5->8->9,28
896,1->2->5->8->9,28
897,1->2->5->8->9,28
898,1->2->5->6->9,30
899,1->2->5->6->9,30
900,1->2->5->6->9,30
901,1->2->5->8->9,28
902,1->2->5->8->9,28
903,1->2->5->8->9,28
904,1->2->5->8->9,28
905,1->2->5->6->9,30
906,1->2->5->8->9,28
907,1->2->5->6->9,30
908,1->2->5->6->9,30
909,1->2->5->6->9,30
910,1->4->5->8->9,27
911,1->2->5->6->9,30
912,1->2->5->8->9,28
913,1->2->5->6->9,30
914,1->2->5->8->9,28
915,1->2->5->4->1->2->5->6->9,65
916,1->2->5->6->9,30
917,1->2->5->8->9,28
918,1->2->5->8->9,28
919,1->4->5->8->9,27
920,1->2->5->6->9,30
921,1->4->5->8->9,27
922,1->2->5->6->9,30
923,1->2->5->6->9,30
924,1->2->5->6->3->2->1->4->5->8->9,73
925,1->2->5->6->9,30
926,1->2->5->6->9,30
927,1->2->5->6->3->2->1->4->5->8->9,73
928,1->2->5->8->9,28
929,1->2->5->8->9,28
930,1->2->5->6->9,30
931,1->2->5->6->9,30
932,1->2->5->6->3->2->1->4->5->8->9,73
933,1->2->5->6->9,30
934,1->4->5->8->9,27
935,1->2->5->6->9,30
936,1->2->5->6->9,30
937,1->2->5->4->7->8->9,47
938,1->2->5->6->9,30
939,1->2->5->6->9,30
940,1->2->3->6->9,30
941,1->2->3->6->9,30
942,1->2->5->6->9,30
943,1->2->5->6->9,30
944,1->4->5->8->9,27
945,1->2->5->6->9,30
946,1->2->5->6->9,30
947,1->2->5->6->3->2->1->4->5->8->9,73
948,1->2->3->6->9,30
949,1->2->5->6->9,30
950,1->2->5->6->9,30
951,1->2->5->6->9,30
952,1->2->5->6->9,30
953,1->2->5->8->9,28
954,1->2->3->6->9,30
955,1->2->5->8->9,28
956,1->2->5->8->9,28
957,1->2->5->8->9,28
958,1->2->5->8->9,28
959,1->2->5->6->9,30
960,1->2->5->6->9,30
961,1->2->5->8->9,28
962,1->2->5->6->9,30
963,1->2->5->8->9,28
964,1->2->5->8->9,28
965,1->2->5->8->9,28
966,1->2->3->6->9,30
967,1->2->5->6->9,30
968,1->2->5->8->9,28
969,1->2->5->8->9,28
970,1->2->5->6->3->2->1->4->5->8->9,73
971,1->2->5->8->9,28
972,1->2->5->8->9,28
973,1->2->5->6->9,30
974,1->2->5->6->9,30
975,1->2->5->6->9,30
976,1->2->5->8->7->4->5->8->9,54
977,1->2->5->8->9,28
978,1->2->5->8->9,28
979,1->2->5->6->9,30
980,1->2->5->6->9,30
981,1->2->5->6->9,30
982,1->2->5->6->9,30
983,1->2->5->8->9,28
984,1->2->5->8->9,28
985,1->2->5->6->9,30
986,1->2->5->6->9,30
987,1->2->5->8->9,28
988,1->2->5->6->9,30
989,1->4->5->8->9,27
990,1->2->5->6->9,30
991,1->2->5->6->9,30
992,1->2->5->4->1->2->5->6->3->2->1->4->5->8->9,99
993,1->2->5->6->9,30
994,1->2->5->6->9,30
995,1->2->3->6->9,30
996,1->2->5->6->9,30
997,1->2->3->6->9,30
998,1->2->5->6->9,30
999,1->2->5->6->9,30
1000,1->2->5->8->7->4->5->8->9,54
1001,1->2->5->8->9,28
1002,1->2->3->6->9,30
1003,1->2->5->8->9,28
1004,1->2->5->6->9,30
1005,1->2->5->4->7->8->9,47
1006,1->2->5->8->9,28
1007,1->2->5->8->9,28
1008,1->2->5->8->9,28
1009,1->2->5->8->9,28
1010,1->2->5->6->9,30
1011,1->2->5->8->9,28
1012,1->2->5->6->3->2->1->4->5->8->9,73
1013,1->4->5->8->9,27
1014,1->2->3->6->9,30
1015,1->2->5->6->9,30
1016,1->2->5->8->9,28
1017,1->2->3->6->9,30
1018,1->2->5->6->9,30
1019,1->2->5->8->9,28
1020,1->2->5->6->9,30
1021,1->2->5->6->3->2->1->4->5->8->9,73
1022,1->2->5->8->9,28
1023,1->2->5->6->9,30
1024,1->2->5->6->9,30
1025,1->2->5->6->9,30
1026,1->2->5->8->9,28
1027,1->2->5->6->9,30
1028,1->2->5->6->9,30
1029,1->2->5->8->9,28
1030,1->2->5->8->9,28
1031,1->2->5->8->9,28
1032,1->2->5->6->3->2->1->4->5->8->9,73
1033,1->2->5->6->9,30
1034,1->2->5->6->9,30
1035,1->2->5->4->1->2->5->6->9,65
1036,1->2->5->6->9,30
1037,1->2->5->6->9,30
1038,1->2->5->6->9,30
1039,1->2->5->6->9,30
1040,1->2->5->4->1->2->5->6->9,65
1041,1->2->5->6->9,30
1042,1->2->5->4->7->8->9,47
1043,1->2->5->6->9,30
1044,1->2->5->6->9,30
1045,1->2->5->6->9,30
1046,1->2->5->6->9,30
1047,1->2->5->6->9,30
1048,1->2->5->6->9,30
1049,1->2->5->6->9,30
1050,1->2->5->4->7->8->9,47
1051,1->2->5->6->9,30
1052,1->2->5->4->1->2->5->6->9,65
1053,1->2->5->6->9,30
1054,1->2->5->6->9,30
1055,1->4->5->6->9,29
1056,1->2->5->6->9,30
1057,1->2->5->6->3->2->1->4->7->8->9,69
1058,1->2->3->6->9,30
1059,1->2->5->6->9,30
1060,1->2->5->6->9,30
1061,1->2->5->6->9,30
1062,1->2->5->6->9,30
1063,1->2->5->6->3->2->1->4->5->8->9,73
1064,1->2->5->6->9,30
1065,1->2->5->6->9,30
1066,1->2->3->6->9,30
1067,1->2->5->6->9,30
1068,1->2->5->6->9,30
1069,1->2->5->4->7->8->9,47
1070,1->2->3->6->9,30
1071,1->2->5->6->9,30
1072,1->2->3->6->9,30
1073,1->2->5->6->9,30
1074,1->2->3->6->9,30
1075,1->2->5->6->9,30
1076,1->2->5->6->3->2->5->6->9,56
1077,1->4->5->8->9,27
1078,1->2->5->6->9,30
1079,1->2->5->6->9,30
1080,1->2->5->6->9,30
1081,1->2->5->6->9,30
1082,1->2->5->6->9,30
1083,1->2->5->4->7->8->9,47
1084,1->2->3->6->9,30
1085,1->2->5->6->9,30
1086,1->2->5->6->9,30
1087,1->2->5->8->9,28
1088,1->2->5->6->9,30
1089,1->2->5->6->9,30
1090,1->2->5->6->9,30
1091,1->2->5->8->9,28
1092,1->2->5->8->9,28
1093,1->2->3->6->9,30
1094,1->4->5->8->9,27
1095,1->2->3->6->5->2->3->6->9,69
1096,1->2->5->6->9,30
1097,1->2->3->6->9,30
1098,1->2->5->6->9,30
1099,1->2->5->6->9,30
1100,1->2->5->6->9,30
1101,1->2->5->6->9,30
1102,1->2->5->6->9,30
1103,1->2->5->6->9,30
1104,1->2->5->6->9,30
1105,1->2->5->6->9,30
1106,1->2->5->6->9,30
1107,1->4->5->2->3->6->9,35
1108,1->2->5->6->9,30
1109,1->4->5->8->9,27
1110,1->4->5->8->9,27
1111,1->4->5->8->9,27
1112,1->4->5->6->9,29
1113,1->4->5->6->3->2->1->4->5->6->9,75
1114,1->2->5->6->9,30
1115,1->4->5->6->9,29
1116,1->4->7->8->5->6->9,39
1117,1->4->5->6->9,29
1118,1->4->7->8->9,27
1119,1->4->7->8->9,27
1120,1->4->5->8->9,27
1121,1->4->5->8->9,27
1122,1->4->5->6->9,29
1123,1->4->5->8->9,27
1124,1->2->5->6->9,30
1125,1->4->5->6->3->2->1->4->5->6->9,75
1126,1->4->5->8->9,27
1127,1->4->5->8->9,27
1128,1->4->5->6->9,29
1129,1->4->5->8->9,27
1130,1->2->3->6->9,30
1131,1->4->5->6->9,29
1132,1->2->5->6->9,30
1133,1->2->5->6->9,30
1134,1->2->5->6->9,30
1135,1->2->5->6->9,30
1136,1->2->5->6->9,30
1137,1->2->3->6->9,30
1138,1->2->5->6->9,30
1139,1->2->5->6->9,30
1140,1->2->5->4->7->8->9,47
1141,1->2->5->6->9,30
1142,1->2->5->6->9,30
1143,1->2->5->6->9,30
1144,1->2->5->6->9,30
1145,1->2->5->8->9,28
1146,1->2->5->6->9,30
1147,1->2->5->6->9,30
1148,1->4->5->6->9,29
1149,1->4->5->8->9,27
1150,1->2->5->8->9,28
1151,1->2->5->8->9,28
1152,1->4->5->6->9,29
1153,1->2->5->6->9,30
1154,1->2->5->8->9,28
1155,1->4->5->6->9,29
1156,1->2->5->8->9,28
1157,1->2->3->6->9,30
1158,1->2->5->8->7->4->1->2->5->4->1->2->5->6->9,109
1159,1->2->5->6->9,30
1160,1->2->5->6->9,30
1161,1->2->5->6->9,30
1162,1->2->3->6->9,30
1163,1->2->3->6->9,30
1164,1->2->5->6->9,30
1165,1->2->5->6->9,30
1166,1->4->5->8->9,27
1167,1->2->5->6->9,30
1168,1->2->3->6->9,30
1169,1->4->5->8->9,27
1170,1->4->5->2->3->6->9,35
1171,1->2->5->6->9,30
1172,1->4->5->8->9,27
1173,1->4->5->2->3->6->5->2->3->6->9,65
1174,1->4->5->6->3->2->1->4->5->8->9,70
1175,1->4->5->8->9,27
1176,1->4->5->8->9,27
1177,1->4->7->8->9,27
1178,1->4->5->6->9,29
1179,1->4->5->6->9,29
1180,1->4->5->8->9,27
1181,1->4->5->6->9,29
1182,1->4->5->8->9,27
1183,1->4->5->8->9,27
1184,1->4->5->6->9,29
1185,1->4->7->8->9,27
1186,1->4->5->6->9,29
1187,1->4->7->8->9,27
1188,1->2->5->6->9,30
1189,1->4->5->8->9,27
1190,1->4->5->6->9,29
1191,1->4->5->6->9,29
1192,1->4->5->8->9,27
1193,1->4->5->6->3->2->1->4->5->6->9,75
1194,1->4->7->8->9,27
1195,1->4->5->6->9,29
1196,1->4->5->6->9,29
1197,1->2->5->6->9,30
1198,1->4->5->6->3->2->1->4->5->8->9,70
1199,1->4->5->8->9,27
1200,1->4->5->6->9,29
1201,1->4->5->8->9,27
1202,1->4->5->6->9,29
1203,1->4->5->8->9,27
1204,1->4->5->6->9,29
1205,1->4->5->8->9,27
1206,1->4->5->6->9,29
1207,1->4->5->6->9,29
1208,1->4->5->6->9,29
1209,1->4->5->8->9,27
1210,1->4->5->8->9,27
1211,1->4->7->8->9,27
1212,1->4->5->8->9,27
1213,1->4->5->6->9,29
1214,1->4->5->6->9,29
1215,1->4->5->2->3->6->9,35
1216,1->4->5->8->9,27
1217,1->4->5->8->9,27
1218,1->4->5->6->9,29
1219,1->4->7->8->9,27
1220,1->4->5->6->9,29
1221,1->4->7->8->9,27
1222,1->4->5->2->3->6->9,35
1223,1->4->5->2->3->6->9,35
1224,1->4->5->6->9,29
1225,1->4->5->6->9,29
1226,1->4->5->6->9,29
1227,1->4->5->8->9,27
1228,1->4->5->8->9,27
1229,1->4->5->8->9,27
1230,1->4->5->8->9,27
1231,1->4->5->8->9,27
1232,1->2->5->4->7->8->9,47
1233,1->4->5->8->9,27
1234,1->2->5->6->9,30
1235,1->4->5->8->9,27
1236,1->4->5->8->9,27
1237,1->4->5->8->9,27
1238,1->4->5->8->9,27
1239,1->4->5->8->9,27
1240,1->4->5->8->9,27
1241,1->4->5->6->9,29
1242,1->4->5->8->9,27
1243,1->4->7->8->9,27
1244,1->4->5->8->9,27
1245,1->4->5->6->9,29
1246,1->2->5->6->9,30
1247,1->4->5->6->9,29
1248,1->4->5->8->9,27
1249,1->4->5->6->9,29
1250,1->4->5->2->1->4->5->8->9,52
1251,1->4->5->6->9,29
1252,1->4->5->8->9,27
1253,1->4->5->8->9,27
1254,1->4->5->6->9,29
1255,1->4->5->8->9,27
1256,1->4->7->8->9,27
1257,1->4->5->8->9,27
1258,1->4->5->6->9,29
1259,1->4->5->6->9,29
1260,1->4->5->6->9,29
1261,1->4->5->8->9,27
1262,1->4->5->8->9,27
1263,1->4->5->6->9,29
1264,1->4->5->6->9,29
1265,1->4->5->6->9,29
1266,1->4->5->8->9,27
1267,1->2->3->6->9,30
1268,1->4->5->8->9,27
1269,1->4->5->8->9,27
1270,1->4->5->6->9,29
1271,1->2->5->6->9,30
1272,1->2->5->6->9,30
1273,1->2->5->6->9,30
1274,1->2->5->6->9,30
1275,1->2->5->6->9,30
1276,1->2->5->6->9,30
1277,1->2->5->6->9,30
1278,1->2->5->6->9,30
1279,1->2->5->6->9,30
1280,1->2->5->6->9,30
1281,1->2->5->6->9,30
1282,1->2->5->6->9,30
1283,1->2->5->6->9,30
1284,1->2->5->6->9,30
1285,1->2->5->6->9,30
1286,1->2->5->6->9,30
1287,1->2->5->6->9,30
1288,1->2->5->8->9,28
1289,1->2->5->8->9,28
1290,1->2->5->6->9,30
1291,1->4->5->2->3->6->9,35
1292,1->2->5->6->9,30
1293,1->2->5->8->9,28
1294,1->2->5->8->9,28
1295,1->2->5->8->9,28
1296,1->2->5->8->9,28
1297,1->2->5->6->9,30
1298,1->2->5->8->9,28
1299,1->2->5->8->9,28
1300,1->2->5->8->9,28
1301,1->2->5->8->9,28
1302,1->2->5->6->9,30
1303,1->2->5->4->7->8->9,47
1304,1->2->5->6->9,30
1305,1->2->3->6->9,30
1306,1->2->5->6->9,30
1307,1->2->5->6->9,30
1308,1->2->5->8->9,28
1309,1->2->5->6->9,30
1310,1->2->5->6->9,30
1311,1->2->5->6->9,30
1312,1->2->5->8->9,28
1313,1->2->5->8->9,28
1314,1->4->5->8->9,27
1315,1->4->5->8->9,27
1316,1->2->5->6->9,30
1317,1->2->5->6->9,30
1318,1->2->5->8->9,28
1319,1->2->5->4->7->8->9,47
1320,1->2->5->6->9,30
1321,1->2->3->6->9,30
1322,1->2->5->4->7->8->9,47
1323,1->2->3->6->5->2->3->6->9,69
1324,1->2->5->8->9,28
1325,1->2->5->8->9,28
1326,1->2->5->6->9,30
1327,1->2->5->8->9,28
1328,1->2->5->8->9,28
1329,1->2->5->6->9,30
1330,1->2->5->6->9,30
1331,1->2->5->8->9,28
1332,1->4->5->8->9,27
1333,1->2->5->6->9,30
1334,1->2->5->6->9,30
1335,1->2->5->6->9,30
1336,1->2->3->6->9,30
1337,1->2->5->6->9,30
1338,1->4->5->8->9,27
1339,1->2->5->6->9,30
1340,1->2->5->6->9,30
1341,1->2->5->6->9,30
1342,1->2->5->6->9,30
1343,1->2->5->6->9,30
1344,1->2->5->6->9,30
1345,1->2->5->6->9,30
1346,1->2->5->6->9,30
1347,1->2->5->6->9,30
1348,1->2->5->6->9,30
1349,1->2->3->6->9,30
1350,1->2->3->6->9,30
1351,1->4->5->8->9,27
1352,1->2->5->6->9,30
1353,1->2->5->6->3->2->1->4->5->8->9,73
1354,1->4->5->8->9,27
1355,1->2->5->6->9,30
1356,1->2->3->6->9,30
1357,1->2->5->6->9,30
1358,1->2->5->6->9,30
1359,1->2->5->6->9,30
1360,1->2->5->6->9,30
1361,1->2->5->6->3->2->1->4->5->8->9,73
1362,1->2->5->6->9,30
1363,1->2->5->6->9,30
1364,1->2->5->4->1->2->5->4->7->8->9,79
1365,1->2->5->6->3->2->1->4->5->8->9,73
1366,1->2->5->6->9,30
1367,1->2->3->6->9,30
1368,1->4->5->8->9,27
1369,1->2->5->6->9,30
1370,1->2->5->6->9,30
1371,1->2->5->6->9,30
1372,1->2->5->6->9,30
1373,1->2->5->6->9,30
1374,1->2->5->6->9,30
1375,1->4->5->8->9,27
1376,1->2->5->6->9,30
1377,1->2->5->6->9,30
1378,1->4->5->8->9,27
1379,1->2->5->4->1->2->5->6->9,65
1380,1->4->5->2->3->6->9,35
1381,1->2->5->6->9,30
1382,1->2->3->6->9,30
1383,1->2->5->8->9,28
1384,1->2->5->8->9,28
1385,1->2->5->8->9,28
1386,1->2->5->8->9,28
1387,1->2->3->6->9,30
1388,1->2->5->8->9,28
1389,1->4->7->8->9,27
1390,1->4->5->8->9,27
1391,1->4->5->8->9,27
1392,1->4->5->8->7->4->1->2->5->6->9,69
1393,1->4->5->8->9,27
1394,1->4->5->8->9,27
1395,1->4->5->8->7->4->1->2->3->6->9,66
1396,1->4->5->8->9,27
1397,1->4->5->8->7->4->1->2->5->8->9,68
1398,1->4->5->2->3->6->9,35
1399,1->4->5->8->9,27
1400,1->4->5->8->9,27
1401,1->4->5->8->9,27
1402,1->4->5->8->9,27
1403,1->4->5->8->9,27
1404,1->4->5->8->9,27
1405,1->4->5->8->9,27
1406,1->4->5->8->9,27
1407,1->2->5->6->9,30
1408,1->2->5->6->9,30
1409,1->2->5->6->9,30
1410,1->2->5->6->9,30
1411,1->2->5->6->9,30
1412,1->2->5->6->9,30
1413,1->2->3->6->9,30
1414,1->2->5->6->9,30
1415,1->2->5->6->9,30
1416,1->2->5->6->9,30
1417,1->2->5->6->9,30
1418,1->2->5->6->9,30
1419,1->2->5->6->9,30
1420,1->2->5->4->7->8->5->6->9,57
1421,1->2->5->8->9,28
1422,1->2->5->8->9,28
1423,1->2->5->6->9,30
1424,1->2->5->6->9,30
1425,1->2->5->8->9,28
1426,1->2->5->6->9,30
1427,1->2->5->8->9,28
1428,1->2->5->6->9,30
1429,1->2->5->8->9,28
1430,1->2->5->6->9,30
1431,1->4->5->8->9,27
1432,1->2->3->6->9,30
1433,1->2->5->6->3->2->1->4->5->8->9,73
1434,1->2->5->6->9,30
1435,1->4->5->8->9,27
1436,1->2->5->6->9,30
1437,1->2->5->6->3->2->1->4->5->8->9,73
1438,1->4->5->8->9,27
1439,1->2->5->6->9,30
1440,1->2->5->6->9,30
1441,1->2->5->6->9,30
1442,1->2->5->6->9,30
1443,1->2->5->6->9,30
1444,1->2->5->6->9,30
1445,1->2->5->6->9,30
1446,1->2->5->6->9,30
1447,1->2->5->6->9,30
1448,1->2->5->6->9,30
1449,1->2->5->6->9,30
1450,1->2->5->6->3->2->1->4->7->8->9,69
1451,1->2->5->6->9,30
1452,1->2->5->6->9,30
1453,1->2->5->4->7->8->5->6->9,57
1454,1->2->5->4->7->8->9,47
1455,1->2->5->8->9,28
1456,1->2->3->6->9,30
1457,1->2->5->6->9,30
1458,1->4->5->2->3->6->9,35
1459,1->2->5->8->9,28
1460,1->2->5->6->9,30
1461,1->2->5->6->9,30
1462,1->2->5->6->9,30
1463,1->2->5->6->9,30
1464,1->2->3->6->9,30
1465,1->2->5->8->9,28
1466,1->2->5->6->9,30
1467,1->2->5->8->9,28
1468,1->2->5->6->3->2->1->4->5->8->9,73
1469,1->2->5->8->9,28
1470,1->2->5->6->9,30
1471,1->2->5->6->9,30
1472,1->2->5->6->9,30
1473,1->2->5->6->3->2->1->4->5->8->9,73
1474,1->4->5->8->9,27
1475,1->2->5->4->1->2->3->6->9,69
1476,1->2->5->8->9,28
1477,1->2->5->8->9,28
1478,1->2->5->8->9,28
1479,1->2->5->6->9,30
1480,1->2->5->8->9,28
1481,1->2->5->6->9,30
1482,1->2->5->6->9,30
1483,1->2->5->6->9,30
1484,1->2->5->6->9,30
1485,1->2->5->8->9,28
1486,1->2->5->8->9,28
1487,1->2->5->8->9,28
1488,1->2->5->6->9,30
1489,1->2->5->8->7->4->1->2->5->6->9,64
1490,1->2->5->8->9,28
1491,1->2->5->6->9,30
1492,1->2->5->8->9,28
1493,1->2->5->6->9,30
1494,1->2->5->6->3->2->1->4->5->8->9,73
1495,1->2->5->6->9,30
1496,1->2->5->6->9,30
1497,1->4->5->8->9,27
1498,1->2->5->6->9,30
1499,1->2->5->6->9,30
1500,1->2->5->8->7->4->1->2->5->6->9,64
1501,1->2->3->6->9,30
1502,1->2->5->8->9,28
1503,1->2->3->6->9,30
1504,1->2->5->8->9,28
1505,1->2->5->8->7->4->1->2->5->6->9,64
1506,1->2->5->4->1->2->5->8->7->4->1->2->5->6->9,108
1507,1->4->5->8->9,27
1508,1->4->5->8->9,27
1509,1->2->5->8->9,28
1510,1->2->5->8->7->4->5->8->9,54
1511,1->2->3->6->9,30
1512,1->4->5->8->9,27
1513,1->2->5->6->9,30
1514,1->4->7->8->9,27
1515,1->2->5->6->9,30
1516,1->2->5->6->9,30
1517,1->2->5->6->9,30
1518,1->2->3->6->9,30
1519,1->2->5->6->3->2->1->4->5->8->9,73
1520,1->2->5->6->9,30
1521,1->2->5->6->9,30
1522,1->2->5->6->9,30
1523,1->2->3->6->9,30
1524,1->2->5->6->9,30
1525,1->2->5->6->9,30
1526,1->2->5->6->9,30
1527,1->2->5->8->9,28
1528,1->2->5->8->9,28
1529,1->2->5->6->9,30
1530,1->2->5->6->9,30
1531,1->2->5->8->9,28
1532,1->2->5->6->9,30
1533,1->2->5->6->9,30
1534,1->2->5->6->9,30
1535,1->2->5->6->9,30
1536,1->2->5->8->9,28
1537,1->2->5->8->9,28
1538,1->2->5->6->9,30
1539,1->2->5->8->9,28
1540,1->2->5->4->7->8->9,47
1541,1->2->5->6->9,30
1542,1->2->5->8->9,28
1543,1->2->5->8->9,28
1544,1->2->5->6->9,30
1545,1->2->5->6->9,30
1546,1->2->5->6->3->2->1->4->5->8->9,73
1547,1->2->5->6->9,30
1548,1->2->3->6->9,30
1549,1->2->5->4->7->8->9,47
1550,1->2->5->8->9,28
1551,1->2->5->6->9,30
1552,1->2->5->6->9,30
1553,1->2->5->6->9,30
1554,1->2->5->6->9,30
1555,1->2->5->4->7->8->9,47
1556,1->2->5->8->9,28
1557,1->2->5->8->9,28
1558,1->2->5->6->9,30
1559,1->2->5->8->9,28
1560,1->2->5->8->7->4->1->2->5->6->9,64
1561,1->2->5->8->9,28
1562,1->2->5->6->9,30
1563,1->2->5->6->9,30
1564,1->2->3->6->9,30
1565,1->2->5->6->9,30
1566,1->2->3->6->9,30
1567,1->2->5->6->9,30
1568,1->2->5->6->9,30
1569,1->2->5->8->9,28
1570,1->2->5->8->9,28
1571,1->2->5->8->9,28
1572,1->2->5->6->9,30
1573,1->2->5->6->9,30
1574,1->2->3->6->9,30
1575,1->2->5->8->9,28
1576,1->2->5->6->9,30
1577,1->2->5->8->9,28
1578,1->2->3->6->9,30
1579,1->2->5->6->9,30
1580,1->2->5->6->9,30
1581,1->2->5->8->9,28
1582,1->2->3->6->9,30
1583,1->2->5->8->9,28
1584,1->2->5->6->9,30
1585,1->2->5->6->9,30
1586,1->2->5->8->9,28
1587,1->2->5->6->9,30
1588,1->2->5->8->9,28
1589,1->2->5->6->9,30
1590,1->2->5->8->9,28
1591,1->4->5->8->9,27
1592,1->2->5->6->9,30
1593,1->2->5->8->9,28
1594,1->2->5->6->9,30
1595,1->2->5->6->9,30
1596,1->4->5->8->9,27
1597,1->2->5->6->9,30
1598,1->2->5->6->3->2->1->4->5->8->9,73
1599,1->2->5->6->3->2->1->4->5->8->9,73
1600,1->2->5->6->9,30
1601,1->2->5->6->9,30
1602,1->2->5->6->9,30
1603,1->2->5->6->9,30
1604,1->2->5->6->9,30
1605,1->2->3->6->9,30
1606,1->2->5->6->9,30
1607,1->2->5->6->9,30
1608,1->2->5->6->9,30
1609,1->2->3->6->9,30
1610,1->2->5->6->9,30
1611,1->2->5->6->9,30
1612,1->2->5->6->9,30
1613,1->2->5->6->9,30
1614,1->2->5->6->9,30
1615,1->2->5->8->9,28
1616,1->2->5->6->9,30
1617,1->2->5->8->9,28
1618,1->2->5->8->9,28
1619,1->2->5->6->9,30
1620,1->2->5->8->9,28
1621,1->2->5->6->9,30
1622,1->2->5->8->9,28
1623,1->2->5->6->9,30
1624,1->2->5->8->9,28
1625,1->2->3->6->9,30
1626,1->2->5->6->3->2->1->4->5->8->9,73
1627,1->2->5->6->9,30
1628,1->2->5->6->9,30
1629,1->2->5->6->9,30
1630,1->2->5->8->9,28
1631,1->2->5->8->9,28
1632,1->2->5->6->9,30
1633,1->2->5->6->9,30
1634,1->2->5->4->1->2->5->6->9,65
1635,1->2->3->6->9,30
1636,1->2->5->6->9,30
1637,1->2->5->6->3->2->1->4->5->8->9,73
1638,1->2->5->8->9,28
1639,1->2->5->8->9,28
1640,1->2->5->8->9,28
1641,1->2->5->8->9,28
1642,1->2->5->8->9,28
1643,1->2->5->8->9,28
1644,1->2->5->8->9,28
1645,1->2->5->6->9,30
1646,1->2->5->8->9,28
1647,1->2->5->8->9,28
1648,1->2->5->8->9,28
1649,1->2->5->8->9,28
1650,1->4->5->6->9,29
1651,1->2->5->6->3->2->1->4->5->8->9,73
1652,1->2->5->6->9,30
1653,1->2->5->8->9,28
1654,1->2->5->6->9,30
1655,1->2->5->6->9,30
1656,1->2->5->8->9,28
1657,1->2->5->8->9,28
1658,1->4->5->6->9,29
1659,1->2->5->8->9,28
1660,1->2->3->6->9,30
1661,1->2->5->6->9,30
1662,1->2->5->8->9,28
1663,1->2->5->8->9,28
1664,1->4->5->6->9,29
1665,1->2->5->6->9,30
1666,1->2->5->6->9,30
1667,1->2->5->6->9,30
1668,1->2->5->6->9,30
1669,1->2->5->6->9,30
1670,1->2->3->6->9,30
1671,1->2->5->6->3->2->1->4->5->6->9,66
1672,1->2->5->6->9,30
1673,1->2->5->4->1->2->5->6->9,65
1674,1->2->5->6->9,30
1675,1->2->3->6->9,30
1676,1->2->3->6->9,30
1677,1->2->5->6->9,30
1678,1->2->5->6->9,30
1679,1->2->5->6->9,30
1680,1->2->5->6->9,30
1681,1->2->5->6->9,30
1682,1->2->5->6->9,30
1683,1->2->5->4->7->8->5->2->3->6->9,67
1684,1->2->5->6->9,30
1685,1->2->5->6->9,30
1686,1->2->5->6->3->2->5->6->9,56
1687,1->2->5->6->9,30
1688,1->2->5->4->1->2->5->6->9,65
1689,1->4->5->6->9,29
1690,1->2->5->6->9,30
1691,1->2->3->6->9,30
1692,1->2->5->6->9,30
1693,1->2->5->6->3->2->5->6->9,56
1694,1->2->5->6->9,30
1695,1->2->5->6->9,30
1696,1->2->5->6->9,30
1697,1->2->5->6->9,30
1698,1->2->5->6->9,30
1699,1->2->5->8->9,28
1700,1->2->5->6->9,30
1701,1->2->5->6->9,30
1702,1->2->5->6->9,30
1703,1->2->5->6->9,30
1704,1->2->5->6->9,30
1705,1->2->3->6->9,30
1706,1->2->5->6->9,30
1707,1->2->5->6->9,30
1708,1->2->5->6->9,30
1709,1->2->5->4->7->8->9,47
1710,1->2->5->6->9,30
1711,1->2->5->6->9,30
1712,1->2->5->6->9,30
1713,1->2->5->6->9,30
1714,1->2->5->6->9,30
1715,1->2->5->6->9,30
1716,1->2->5->6->9,30
1717,1->2->5->6->9,30
1718,1->2->5->6->9,30
1719,1->2->5->6->9,30
1720,1->2->5->6->9,30
1721,1->2->5->6->9,30
1722,1->2->5->6->9,30
1723,1->2->3->6->9,30
1724,1->2->5->6->9,30
1725,1->4->5->8->9,27
1726,1->4->5->8->9,27
1727,1->4->5->2->3->6->9,35
1728,1->4->5->8->9,27
1729,1->4->5->8->9,27
1730,1->4->5->8->9,27
1731,1->4->5->6->9,29
1732,1->4->5->6->9,29
1733,1->2->5->6->9,30
1734,1->4->7->8->9,27
1735,1->4->5->8->9,27
1736,1->4->5->8->9,27
1737,1->4->5->2->3->6->5->2->3->6->9,65
1738,1->4->5->8->9,27
1739,1->4->5->8->9,27
1740,1->4->5->8->9,27
1741,1->4->5->8->7->4->5->8->9,52
1742,1->4->5->8->9,27
1743,1->4->5->8->9,27
1744,1->4->5->8->9,27
1745,1->4->5->8->9,27
1746,1->4->7->8->9,27
1747,1->4->5->6->3->2->5->6->9,55
1748,1->4->5->8->9,27
1749,1->4->5->8->9,27
1750,1->4->5->2->3->6->9,35
1751,1->4->5->6->9,29
1752,1->4->5->2->1->4->5->8->9,52
1753,1->4->5->6->9,29
1754,1->4->5->2->3->6->9,35
1755,1->4->5->8->7->4->5->6->3->2->5->6->9,80
1756,1->4->5->8->9,27
1757,1->4->5->8->9,27
1758,1->4->5->8->9,27
1759,1->4->5->8->9,27
1760,1->4->5->8->9,27
1761,1->4->5->6->9,29
1762,1->4->5->2->1->4->5->6->9,52
1763,1->4->5->8->9,27
1764,1->4->5->8->9,27
1765,1->4->5->6->9,29
1766,1->4->5->6->9,29
1767,1->4->5->8->9,27
1768,1->4->5->8->9,27
1769,1->4->5->8->9,27
1770,1->4->5->6->9,29
1771,1->4->5->6->9,29
1772,1->4->5->8->9,27
1773,1->4->7->8->9,27
1774,1->4->5->6->9,29
1775,1->4->5->6->9,29
1776,1->4->5->8->7->4->5->6->9,52
1777,1->4->5->6->9,29
1778,1->4->5->8->9,27
1779,1->4->5->6->9,29
1780,1->4->5->2->3->6->9,35
1781,1->4->5->6->9,29
1782,1->2->5->6->9,30
1783,1->4->5->8->9,27
1784,1->4->5->6->9,29
1785,1->4->5->2->3->6->9,35
1786,1->4->5->6->9,29
1787,1->4->5->8->9,27
1788,1->4->5->6->9,29
1789,1->4->5->6->3->2->5->6->9,55
1790,1->4->5->8->9,27
1791,1->4->5->8->9,27
1792,1->4->5->8->9,27
1793,1->4->7->8->9,27
1794,1->4->5->8->9,27
1795,1->4->5->8->7->4->5->6->9,52
1796,1->4->5->2->3->6->9,35
1797,1->4->5->6->9,29
1798,1->4->5->8->9,27
1799,1->4->5->6->9,29
1800,1->4->5->2->3->6->9,35
1801,1->4->5->6->9,29
1802,1->4->5->6->9,29
1803,1->2->5->6->9,30
1804,1->4->5->8->9,27
1805,1->4->7->8->9,27
1806,1->2->5->6->9,30
1807,1->4->5->6->9,29
1808,1->4->5->8->9,27
1809,1->4->5->6->9,29
1810,1->4->5->8->9,27
1811,1->4->5->8->9,27
1812,1->4->5->8->9,27
1813,1->4->5->6->9,29
1814,1->4->5->8->9,27
1815,1->4->5->6->9,29
1816,1->4->5->6->9,29
1817,1->4->5->8->9,27
1818,1->4->5->8->9,27
1819,1->4->5->8->9,27
1820,1->4->7->8->9,27
1821,1->4->5->8->9,27
1822,1->4->5->8->9,27
1823,1->4->5->8->7->4->5->8->9,52
1824,1->4->5->8->7->4->5->8->9,52
1825,1->4->5->8->9,27
1826,1->4->5->8->7->4->5->8->9,52
1827,1->4->5->8->9,27
1828,1->4->7->8->9,27
1829,1->4->7->8->9,27
1830,1->4->5->8->9,27
1831,1->4->5->2->3->6->5->2->3->6->9,65
1832,1->4->5->8->9,27
1833,1->4->5->8->9,27
1834,1->4->5->8->9,27
1835,1->2->5->8->9,28
1836,1->4->5->8->9,27
1837,1->4->5->8->9,27
1838,1->4->5->8->9,27
1839,1->4->5->6->9,29
1840,1->4->5->6->9,29
1841,1->4->5->8->9,27
1842,1->4->5->8->9,27
1843,1->4->5->8->9,27
1844,1->4->5->8->9,27
1845,1->4->5->8->9,27
1846,1->4->5->2->3->6->9,35
1847,1->2->5->4->7->8->9,47
1848,1->4->5->6->9,29
1849,1->4->5->6->9,29
1850,1->4->5->8->9,27
1851,1->2->5->8->9,28
1852,1->4->7->8->9,27
1853,1->4->5->8->9,27
1854,1->4->5->6->9,29
1855,1->4->5->6->9,29
1856,1->2->5->8->9,28
1857,1->4->5->6->9,29
1858,1->4->5->6->3->2->5->4->1->2->5->8->9,87
1859,1->4->5->8->9,27
1860,1->4->7->8->9,27
1861,1->4->5->8->9,27
1862,1->4->5->8->9,27
1863,1->4->5->8->9,27
1864,1->4->5->6->9,29
1865,1->4->5->6->9,29
1866,1->4->5->8->9,27
1867,1->4->5->8->9,27
1868,1->4->5->8->9,27
1869,1->4->5->2->3->6->9,35
1870,1->4->5->2->3->6->9,35
1871,1->4->5->8->9,27
1872,1->4->7->8->9,27
1873,1->4->5->6->9,29
1874,1->4->5->6->9,29
1875,1->4->5->8->9,27
1876,1->4->5->8->9,27
1877,1->4->5->8->9,27
1878,1->4->5->6->9,29
1879,1->4->5->6->9,29
1880,1->4->5->6->9,29
1881,1->4->5->6->9,29
1882,1->4->5->8->9,27
1883,1->4->5->2->1->4->5->8->9,52
1884,1->4->5->2->3->6->9,35
1885,1->4->5->8->9,27
1886,1->4->5->8->9,27
1887,1->4->5->6->9,29
1888,1->4->5->6->9,29
1889,1->4->5->2->3->6->9,35
1890,1->4->5->8->9,27
1891,1->4->5->6->9,29
1892,1->4->5->6->9,29
1893,1->4->5->8->9,27
1894,1->4->5->8->9,27
1895,1->4->5->8->9,27
1896,1->4->5->8->7->4->5->6->9,52
1897,1->4->5->6->9,29
1898,1->4->5->6->9,29
1899,1->4->5->6->9,29
1900,1->4->5->8->9,27
1901,1->4->5->6->9,29
1902,1->4->5->8->9,27
1903,1->4->5->6->9,29
1904,1->4->5->6->9,29
1905,1->4->5->8->9,27
1906,1->4->5->8->9,27
1907,1->4->5->8->9,27
1908,1->4->5->8->7->4->5->8->9,52
1909,1->4->7->8->9,27
1910,1->4->5->8->9,27
1911,1->4->5->8->9,27
1912,1->4->7->8->9,27
1913,1->4->5->8->7->4->5->8->9,52
1914,1->4->5->8->9,27
1915,1->4->5->8->9,27
1916,1->4->5->8->9,27
1917,1->4->5->2->1->4->5->8->9,52
1918,1->4->5->8->9,27
1919,1->4->5->8->9,27
1920,1->4->5->6->9,29
1921,1->4->5->8->7->4->5->8->9,52
1922,1->4->5->2->3->6->5->2->3->6->9,65
1923,1->4->5->8->9,27
1924,1->4->5->8->9,27
1925,1->4->5->8->9,27
1926,1->4->5->8->9,27
1927,1->4->5->8->9,27
1928,1->4->5->8->9,27
1929,1->4->5->8->7->4->5->8->9,52
1930,1->4->5->8->9,27
1931,1->4->5->8->9,27
1932,1->4->5->8->9,27
1933,1->4->5->8->9,27
1934,1->4->5->6->9,29
1935,1->4->5->6->9,29
1936,1->4->5->8->9,27
1937,1->4->5->8->9,27
1938,1->4->5->8->9,27
1939,1->4->5->8->9,27
1940,1->4->5->6->3->2->1->4->5->6->9,75
1941,1->4->5->8->7->4->5->8->9,52
1942,1->4->5->8->9,27
1943,1->4->5->8->9,27
1944,1->4->5->2->3->6->9,35
1945,1->4->5->6->9,29
1946,1->4->5->8->9,27
1947,1->4->5->8->9,27
1948,1->4->5->6->9,29
1949,1->4->5->8->9,27
1950,1->2->5->6->9,30
1951,1->4->5->8->9,27
1952,1->4->5->8->9,27
1953,1->4->7->8->9,27
1954,1->4->5->8->9,27
1955,1->4->5->8->9,27
1956,1->4->5->8->9,27
1957,1->4->5->6->9,29
1958,1->4->5->6->3->2->1->4->5->6->9,75
1959,1->4->5->6->9,29
1960,1->4->5->6->9,29
1961,1->4->5->8->9,27
1962,1->4->5->8->9,27
1963,1->4->5->8->9,27
1964,1->4->5->6->9,29
1965,1->4->5->6->9,29
1966,1->4->5->8->9,27
1967,1->4->5->8->9,27
1968,1->4->5->6->9,29
1969,1->4->5->8->9,27
1970,1->4->5->8->9,27
1971,1->4->7->8->9,27
1972,1->4->5->6->9,29
1973,1->4->5->6->3->2->1->4->7->8->9,76
1974,1->4->5->8->9,27
1975,1->4->5->8->9,27
1976,1->4->5->8->9,27
1977,1->4->5->8->9,27
1978,1->4->5->6->9,29
1979,1->4->5->8->7->4->5->6->3->2->5->6->9,80
1980,1->4->5->8->9,27
1981,1->4->5->6->9,29
1982,1->4->5->8->9,27
1983,1->4->5->8->9,27
1984,1->4->5->6->9,29
1985,1->4->7->8->9,27
1986,1->4->5->8->9,27
1987,1->4->5->6->9,29
1988,1->4->5->8->9,27
1989,1->4->5->6->3->2->5->6->9,55
1990,1->4->5->8->7->4->5->8->9,52
1991,1->4->5->6->9,29
1992,1->4->5->8->9,27
1993,1->4->5->8->9,27
1994,1->4->5->8->9,27
1995,1->4->5->8->9,27
1996,1->4->5->8->9,27
1997,1->4->5->8->9,27
1998,1->4->5->6->9,29
1999,1->4->5->8->9,27
2000,1->4->7->8->9,27
